/*
 Navicat Premium Data Transfer

 Source Server         : localhost_3306
 Source Server Type    : MySQL
 Source Server Version : 80011
 Source Host           : localhost:3306
 Source Schema         : activiti

 Target Server Type    : MySQL
 Target Server Version : 80011
 File Encoding         : 65001

 Date: 18/11/2023 20:57:11
*/

SET NAMES utf8mb4;
SET FOREIGN_KEY_CHECKS = 0;

-- ----------------------------
-- Table structure for act_evt_log
-- ----------------------------
DROP TABLE IF EXISTS `act_evt_log`;
CREATE TABLE `act_evt_log`  (
  `LOG_NR_` bigint(20) NOT NULL AUTO_INCREMENT,
  `TYPE_` varchar(64) CHARACTER SET utf8 COLLATE utf8_bin NULL DEFAULT NULL,
  `PROC_DEF_ID_` varchar(64) CHARACTER SET utf8 COLLATE utf8_bin NULL DEFAULT NULL,
  `PROC_INST_ID_` varchar(64) CHARACTER SET utf8 COLLATE utf8_bin NULL DEFAULT NULL,
  `EXECUTION_ID_` varchar(64) CHARACTER SET utf8 COLLATE utf8_bin NULL DEFAULT NULL,
  `TASK_ID_` varchar(64) CHARACTER SET utf8 COLLATE utf8_bin NULL DEFAULT NULL,
  `TIME_STAMP_` timestamp(3) NOT NULL,
  `USER_ID_` varchar(255) CHARACTER SET utf8 COLLATE utf8_bin NULL DEFAULT NULL,
  `DATA_` longblob NULL,
  `LOCK_OWNER_` varchar(255) CHARACTER SET utf8 COLLATE utf8_bin NULL DEFAULT NULL,
  `LOCK_TIME_` timestamp(3) NULL DEFAULT NULL,
  `IS_PROCESSED_` tinyint(4) NULL DEFAULT 0,
  PRIMARY KEY (`LOG_NR_`) USING BTREE
) ENGINE = InnoDB CHARACTER SET = utf8 COLLATE = utf8_bin ROW_FORMAT = Dynamic;

-- ----------------------------
-- Records of act_evt_log
-- ----------------------------

-- ----------------------------
-- Table structure for act_ge_bytearray
-- ----------------------------
DROP TABLE IF EXISTS `act_ge_bytearray`;
CREATE TABLE `act_ge_bytearray`  (
  `ID_` varchar(64) CHARACTER SET utf8 COLLATE utf8_bin NOT NULL,
  `REV_` int(11) NULL DEFAULT NULL,
  `NAME_` varchar(255) CHARACTER SET utf8 COLLATE utf8_bin NULL DEFAULT NULL,
  `DEPLOYMENT_ID_` varchar(64) CHARACTER SET utf8 COLLATE utf8_bin NULL DEFAULT NULL,
  `BYTES_` longblob NULL,
  `GENERATED_` tinyint(4) NULL DEFAULT NULL,
  PRIMARY KEY (`ID_`) USING BTREE,
  INDEX `ACT_FK_BYTEARR_DEPL`(`DEPLOYMENT_ID_` ASC) USING BTREE,
  CONSTRAINT `ACT_FK_BYTEARR_DEPL` FOREIGN KEY (`DEPLOYMENT_ID_`) REFERENCES `act_re_deployment` (`id_`) ON DELETE RESTRICT ON UPDATE RESTRICT
) ENGINE = InnoDB CHARACTER SET = utf8 COLLATE = utf8_bin ROW_FORMAT = Dynamic;

-- ----------------------------
-- Records of act_ge_bytearray
-- ----------------------------
INSERT INTO `act_ge_bytearray` VALUES ('959f68ae-8456-11ee-aa9b-30c9aba6c580', 1, 'index.bpmn', '959f68ad-8456-11ee-aa9b-30c9aba6c580', 0x3C3F786D6C2076657273696F6E3D22312E302220656E636F64696E673D225554462D38223F3E0A3C62706D6E3A646566696E6974696F6E7320786D6C6E733A7873693D22687474703A2F2F7777772E77332E6F72672F323030312F584D4C536368656D612D696E7374616E63652220786D6C6E733A62706D6E3D22687474703A2F2F7777772E6F6D672E6F72672F737065632F42504D4E2F32303130303532342F4D4F44454C2220786D6C6E733A62706D6E64693D22687474703A2F2F7777772E6F6D672E6F72672F737065632F42504D4E2F32303130303532342F44492220786D6C6E733A64633D22687474703A2F2F7777772E6F6D672E6F72672F737065632F44442F32303130303532342F44432220786D6C6E733A64693D22687474703A2F2F7777772E6F6D672E6F72672F737065632F44442F32303130303532342F44492220786D6C6E733A61637469766974693D22687474703A2F2F61637469766974692E6F72672F62706D6E222069643D22446566696E6974696F6E735F50726F636573735F3137303031323131343839313722207461726765744E616D6573706163653D22687474703A2F2F62706D6E2E696F2F736368656D612F62706D6E223E0A20203C62706D6E3A70726F636573732069643D2250726F636573735F3137303031323131343839313722206E616D653D22E696B0E5BBBAE6B581E7A88B2220697345786563757461626C653D2274727565223E0A202020203C62706D6E3A73746172744576656E742069643D224576656E745F316D76757A726122206E616D653D22E5BC80E5A78B223E0A2020202020203C62706D6E3A6F7574676F696E673E466C6F775F316B35677568323C2F62706D6E3A6F7574676F696E673E0A2020202020203C62706D6E3A6F7574676F696E673E466C6F775F316630666B64633C2F62706D6E3A6F7574676F696E673E0A202020203C2F62706D6E3A73746172744576656E743E0A202020203C62706D6E3A757365725461736B2069643D2241637469766974795F306C613133647822206E616D653D22E5B08FE7BB8431222061637469766974693A63616E64696461746555736572733D22322C332C34222061637469766974693A75736572547970653D2263616E6469646174655573657273222061637469766974693A6E616D65733D22746573742C74657374322C7465737433223E0A2020202020203C62706D6E3A696E636F6D696E673E466C6F775F316B35677568323C2F62706D6E3A696E636F6D696E673E0A2020202020203C62706D6E3A6F7574676F696E673E466C6F775F306134363978333C2F62706D6E3A6F7574676F696E673E0A202020203C2F62706D6E3A757365725461736B3E0A202020203C62706D6E3A73657175656E6365466C6F772069643D22466C6F775F316B35677568322220736F757263655265663D224576656E745F316D76757A726122207461726765745265663D2241637469766974795F306C613133647822202F3E0A202020203C62706D6E3A757365725461736B2069643D2241637469766974795F30666275736A6F22206E616D653D22E5B08FE7BB8432222061637469766974693A63616E64696461746547726F7570733D223066343565303332306439333833326339306464336564333233313239646436222061637469766974693A75736572547970653D2263616E64696461746547726F757073222061637469766974693A6E616D65733D22E7A094E58F91E983A8223E0A2020202020203C62706D6E3A696E636F6D696E673E466C6F775F316630666B64633C2F62706D6E3A696E636F6D696E673E0A2020202020203C62706D6E3A6F7574676F696E673E466C6F775F316E68796F62763C2F62706D6E3A6F7574676F696E673E0A202020203C2F62706D6E3A757365725461736B3E0A202020203C62706D6E3A73657175656E6365466C6F772069643D22466C6F775F316630666B64632220736F757263655265663D224576656E745F316D76757A726122207461726765745265663D2241637469766974795F30666275736A6F22202F3E0A202020203C62706D6E3A706172616C6C656C476174657761792069643D22476174657761795F31387935793369223E0A2020202020203C62706D6E3A696E636F6D696E673E466C6F775F306134363978333C2F62706D6E3A696E636F6D696E673E0A2020202020203C62706D6E3A696E636F6D696E673E466C6F775F316E68796F62763C2F62706D6E3A696E636F6D696E673E0A2020202020203C62706D6E3A6F7574676F696E673E466C6F775F307033306D33723C2F62706D6E3A6F7574676F696E673E0A202020203C2F62706D6E3A706172616C6C656C476174657761793E0A202020203C62706D6E3A73657175656E6365466C6F772069643D22466C6F775F306134363978332220736F757263655265663D2241637469766974795F306C613133647822207461726765745265663D22476174657761795F3138793579336922202F3E0A202020203C62706D6E3A73657175656E6365466C6F772069643D22466C6F775F316E68796F62762220736F757263655265663D2241637469766974795F30666275736A6F22207461726765745265663D22476174657761795F3138793579336922202F3E0A202020203C62706D6E3A757365725461736B2069643D2241637469766974795F3164786D366A6822206E616D653D22E9A286E5AFBCE5AEA1E689B9222061637469766974693A61737369676E65653D223138222061637469766974693A75736572547970653D2261737369676E6565222061637469766974693A6E616D65733D22746573743138223E0A2020202020203C62706D6E3A696E636F6D696E673E466C6F775F307033306D33723C2F62706D6E3A696E636F6D696E673E0A2020202020203C62706D6E3A6F7574676F696E673E466C6F775F30686C746F71653C2F62706D6E3A6F7574676F696E673E0A202020203C2F62706D6E3A757365725461736B3E0A202020203C62706D6E3A73657175656E6365466C6F772069643D22466C6F775F307033306D33722220736F757263655265663D22476174657761795F3138793579336922207461726765745265663D2241637469766974795F3164786D366A6822202F3E0A202020203C62706D6E3A656E644576656E742069643D224576656E745F31327264346F6F22206E616D653D22E7BB93E69D9F223E0A2020202020203C62706D6E3A696E636F6D696E673E466C6F775F30686C746F71653C2F62706D6E3A696E636F6D696E673E0A202020203C2F62706D6E3A656E644576656E743E0A202020203C62706D6E3A73657175656E6365466C6F772069643D22466C6F775F30686C746F71652220736F757263655265663D2241637469766974795F3164786D366A6822207461726765745265663D224576656E745F31327264346F6F22202F3E0A20203C2F62706D6E3A70726F636573733E0A20203C62706D6E64693A42504D4E4469616772616D2069643D2242504D4E4469616772616D5F31223E0A202020203C62706D6E64693A42504D4E506C616E652069643D2242504D4E506C616E655F31222062706D6E456C656D656E743D2250726F636573735F31373030313231313438393137223E0A2020202020203C62706D6E64693A42504D4E53686170652069643D2241637469766974795F306C61313364785F6469222062706D6E456C656D656E743D2241637469766974795F306C6131336478223E0A20202020202020203C64633A426F756E647320783D223333382220793D22323230222077696474683D2231323022206865696768743D2231323022202F3E0A20202020202020203C62706D6E64693A42504D4E4C6162656C202F3E0A2020202020203C2F62706D6E64693A42504D4E53686170653E0A2020202020203C62706D6E64693A42504D4E53686170652069643D2241637469766974795F30666275736A6F5F6469222062706D6E456C656D656E743D2241637469766974795F30666275736A6F223E0A20202020202020203C64633A426F756E647320783D223333382220793D22333730222077696474683D2231323022206865696768743D2231323022202F3E0A20202020202020203C62706D6E64693A42504D4E4C6162656C202F3E0A2020202020203C2F62706D6E64693A42504D4E53686170653E0A2020202020203C62706D6E64693A42504D4E53686170652069643D224576656E745F316D76757A72615F6469222062706D6E456C656D656E743D224576656E745F316D76757A7261223E0A20202020202020203C64633A426F756E647320783D223230322220793D22333332222077696474683D22333622206865696768743D22333622202F3E0A20202020202020203C62706D6E64693A42504D4E4C6162656C3E0A202020202020202020203C64633A426F756E647320783D223230392220793D22333735222077696474683D22323322206865696768743D22313422202F3E0A20202020202020203C2F62706D6E64693A42504D4E4C6162656C3E0A2020202020203C2F62706D6E64693A42504D4E53686170653E0A2020202020203C62706D6E64693A42504D4E53686170652069643D22476174657761795F313879357933695F6469222062706D6E456C656D656E743D22476174657761795F31387935793369223E0A20202020202020203C64633A426F756E647320783D223532352220793D22333235222077696474683D22353022206865696768743D22353022202F3E0A2020202020203C2F62706D6E64693A42504D4E53686170653E0A2020202020203C62706D6E64693A42504D4E53686170652069643D2241637469766974795F3164786D366A685F6469222062706D6E456C656D656E743D2241637469766974795F3164786D366A68223E0A20202020202020203C64633A426F756E647320783D223634322220793D22323930222077696474683D2231323022206865696768743D2231323022202F3E0A20202020202020203C62706D6E64693A42504D4E4C6162656C202F3E0A2020202020203C2F62706D6E64693A42504D4E53686170653E0A2020202020203C62706D6E64693A42504D4E53686170652069643D224576656E745F31327264346F6F5F6469222062706D6E456C656D656E743D224576656E745F31327264346F6F223E0A20202020202020203C64633A426F756E647320783D223832392220793D22333332222077696474683D22333622206865696768743D22333622202F3E0A20202020202020203C62706D6E64693A42504D4E4C6162656C3E0A202020202020202020203C64633A426F756E647320783D223833362220793D22333735222077696474683D22323322206865696768743D22313422202F3E0A20202020202020203C2F62706D6E64693A42504D4E4C6162656C3E0A2020202020203C2F62706D6E64693A42504D4E53686170653E0A2020202020203C62706D6E64693A42504D4E456467652069643D22466C6F775F316B35677568325F6469222062706D6E456C656D656E743D22466C6F775F316B3567756832223E0A20202020202020203C64693A776179706F696E7420783D223233382220793D2233353022202F3E0A20202020202020203C64693A776179706F696E7420783D223238382220793D2233353022202F3E0A20202020202020203C64693A776179706F696E7420783D223238382220793D2232383022202F3E0A20202020202020203C64693A776179706F696E7420783D223333382220793D2232383022202F3E0A2020202020203C2F62706D6E64693A42504D4E456467653E0A2020202020203C62706D6E64693A42504D4E456467652069643D22466C6F775F316630666B64635F6469222062706D6E456C656D656E743D22466C6F775F316630666B6463223E0A20202020202020203C64693A776179706F696E7420783D223233382220793D2233353022202F3E0A20202020202020203C64693A776179706F696E7420783D223239302220793D2233353022202F3E0A20202020202020203C64693A776179706F696E7420783D223239302220793D2234333022202F3E0A20202020202020203C64693A776179706F696E7420783D223333382220793D2234333022202F3E0A2020202020203C2F62706D6E64693A42504D4E456467653E0A2020202020203C62706D6E64693A42504D4E456467652069643D22466C6F775F306134363978335F6469222062706D6E456C656D656E743D22466C6F775F30613436397833223E0A20202020202020203C64693A776179706F696E7420783D223435382220793D2232383022202F3E0A20202020202020203C64693A776179706F696E7420783D223535302220793D2232383022202F3E0A20202020202020203C64693A776179706F696E7420783D223535302220793D2233323522202F3E0A2020202020203C2F62706D6E64693A42504D4E456467653E0A2020202020203C62706D6E64693A42504D4E456467652069643D22466C6F775F316E68796F62765F6469222062706D6E456C656D656E743D22466C6F775F316E68796F6276223E0A20202020202020203C64693A776179706F696E7420783D223435382220793D2234333022202F3E0A20202020202020203C64693A776179706F696E7420783D223535302220793D2234333022202F3E0A20202020202020203C64693A776179706F696E7420783D223535302220793D2233373522202F3E0A2020202020203C2F62706D6E64693A42504D4E456467653E0A2020202020203C62706D6E64693A42504D4E456467652069643D22466C6F775F307033306D33725F6469222062706D6E456C656D656E743D22466C6F775F307033306D3372223E0A20202020202020203C64693A776179706F696E7420783D223537352220793D2233353022202F3E0A20202020202020203C64693A776179706F696E7420783D223634322220793D2233353022202F3E0A2020202020203C2F62706D6E64693A42504D4E456467653E0A2020202020203C62706D6E64693A42504D4E456467652069643D22466C6F775F30686C746F71655F6469222062706D6E456C656D656E743D22466C6F775F30686C746F7165223E0A20202020202020203C64693A776179706F696E7420783D223736322220793D2233353022202F3E0A20202020202020203C64693A776179706F696E7420783D223832392220793D2233353022202F3E0A2020202020203C2F62706D6E64693A42504D4E456467653E0A202020203C2F62706D6E64693A42504D4E506C616E653E0A20203C2F62706D6E64693A42504D4E4469616772616D3E0A3C2F62706D6E3A646566696E6974696F6E733E0A, 0);

-- ----------------------------
-- Table structure for act_ge_property
-- ----------------------------
DROP TABLE IF EXISTS `act_ge_property`;
CREATE TABLE `act_ge_property`  (
  `NAME_` varchar(64) CHARACTER SET utf8 COLLATE utf8_bin NOT NULL,
  `VALUE_` varchar(300) CHARACTER SET utf8 COLLATE utf8_bin NULL DEFAULT NULL,
  `REV_` int(11) NULL DEFAULT NULL,
  PRIMARY KEY (`NAME_`) USING BTREE
) ENGINE = InnoDB CHARACTER SET = utf8 COLLATE = utf8_bin ROW_FORMAT = Dynamic;

-- ----------------------------
-- Records of act_ge_property
-- ----------------------------
INSERT INTO `act_ge_property` VALUES ('cfg.execution-related-entities-count', 'false', 1);
INSERT INTO `act_ge_property` VALUES ('next.dbid', '1', 1);
INSERT INTO `act_ge_property` VALUES ('schema.history', 'create(7.0.0.0)', 1);
INSERT INTO `act_ge_property` VALUES ('schema.version', '7.0.0.0', 1);

-- ----------------------------
-- Table structure for act_hi_actinst
-- ----------------------------
DROP TABLE IF EXISTS `act_hi_actinst`;
CREATE TABLE `act_hi_actinst`  (
  `ID_` varchar(64) CHARACTER SET utf8 COLLATE utf8_bin NOT NULL,
  `PROC_DEF_ID_` varchar(64) CHARACTER SET utf8 COLLATE utf8_bin NOT NULL,
  `PROC_INST_ID_` varchar(64) CHARACTER SET utf8 COLLATE utf8_bin NOT NULL,
  `EXECUTION_ID_` varchar(64) CHARACTER SET utf8 COLLATE utf8_bin NOT NULL,
  `ACT_ID_` varchar(255) CHARACTER SET utf8 COLLATE utf8_bin NOT NULL,
  `TASK_ID_` varchar(64) CHARACTER SET utf8 COLLATE utf8_bin NULL DEFAULT NULL,
  `CALL_PROC_INST_ID_` varchar(64) CHARACTER SET utf8 COLLATE utf8_bin NULL DEFAULT NULL,
  `ACT_NAME_` varchar(255) CHARACTER SET utf8 COLLATE utf8_bin NULL DEFAULT NULL,
  `ACT_TYPE_` varchar(255) CHARACTER SET utf8 COLLATE utf8_bin NOT NULL,
  `ASSIGNEE_` varchar(255) CHARACTER SET utf8 COLLATE utf8_bin NULL DEFAULT NULL,
  `START_TIME_` datetime(3) NOT NULL,
  `END_TIME_` datetime(3) NULL DEFAULT NULL,
  `DURATION_` bigint(20) NULL DEFAULT NULL,
  `DELETE_REASON_` varchar(4000) CHARACTER SET utf8 COLLATE utf8_bin NULL DEFAULT NULL,
  `TENANT_ID_` varchar(255) CHARACTER SET utf8 COLLATE utf8_bin NULL DEFAULT '',
  PRIMARY KEY (`ID_`) USING BTREE,
  INDEX `ACT_IDX_HI_ACT_INST_START`(`START_TIME_` ASC) USING BTREE,
  INDEX `ACT_IDX_HI_ACT_INST_END`(`END_TIME_` ASC) USING BTREE,
  INDEX `ACT_IDX_HI_ACT_INST_PROCINST`(`PROC_INST_ID_` ASC, `ACT_ID_` ASC) USING BTREE,
  INDEX `ACT_IDX_HI_ACT_INST_EXEC`(`EXECUTION_ID_` ASC, `ACT_ID_` ASC) USING BTREE
) ENGINE = InnoDB CHARACTER SET = utf8 COLLATE = utf8_bin ROW_FORMAT = Dynamic;

-- ----------------------------
-- Records of act_hi_actinst
-- ----------------------------
INSERT INTO `act_hi_actinst` VALUES ('043ca0be-847b-11ee-b34f-30c9aba6c580', 'Process_1700121148917:1:95b1911f-8456-11ee-aa9b-30c9aba6c580', '043aa4e9-847b-11ee-b34f-30c9aba6c580', '043c2b8d-847b-11ee-b34f-30c9aba6c580', 'Event_1mvuzra', NULL, NULL, '开始', 'startEvent', NULL, '2023-11-16 20:23:58.200', '2023-11-16 20:23:58.202', 2, NULL, '');
INSERT INTO `act_hi_actinst` VALUES ('043dd940-847b-11ee-b34f-30c9aba6c580', 'Process_1700121148917:1:95b1911f-8456-11ee-aa9b-30c9aba6c580', '043aa4e9-847b-11ee-b34f-30c9aba6c580', '043c2b8d-847b-11ee-b34f-30c9aba6c580', 'Activity_0la13dx', '04402331-847b-11ee-b34f-30c9aba6c580', NULL, '小组1', 'userTask', NULL, '2023-11-16 20:23:58.207', NULL, NULL, NULL, '');
INSERT INTO `act_hi_actinst` VALUES ('0442e25a-847b-11ee-b34f-30c9aba6c580', 'Process_1700121148917:1:95b1911f-8456-11ee-aa9b-30c9aba6c580', '043aa4e9-847b-11ee-b34f-30c9aba6c580', '043d640f-847b-11ee-b34f-30c9aba6c580', 'Activity_0fbusjo', '0443096b-847b-11ee-b34f-30c9aba6c580', NULL, '小组2', 'userTask', NULL, '2023-11-16 20:23:58.240', NULL, NULL, NULL, '');
INSERT INTO `act_hi_actinst` VALUES ('24ed20f7-8459-11ee-86fe-30c9aba6c580', 'Process_1700121148917:1:95b1911f-8456-11ee-aa9b-30c9aba6c580', 'c13f8cd4-8458-11ee-86fe-30c9aba6c580', 'c13f8cd8-8458-11ee-86fe-30c9aba6c580', 'Event_12rd4oo', NULL, NULL, '结束', 'endEvent', NULL, '2023-11-16 16:21:30.154', '2023-11-16 16:21:30.154', 0, NULL, '');
INSERT INTO `act_hi_actinst` VALUES ('c13f8cd9-8458-11ee-86fe-30c9aba6c580', 'Process_1700121148917:1:95b1911f-8456-11ee-aa9b-30c9aba6c580', 'c13f8cd4-8458-11ee-86fe-30c9aba6c580', 'c13f8cd8-8458-11ee-86fe-30c9aba6c580', 'Event_1mvuzra', NULL, NULL, '开始', 'startEvent', NULL, '2023-11-16 16:18:42.922', '2023-11-16 16:18:42.922', 0, NULL, '');
INSERT INTO `act_hi_actinst` VALUES ('c13f8cdb-8458-11ee-86fe-30c9aba6c580', 'Process_1700121148917:1:95b1911f-8456-11ee-aa9b-30c9aba6c580', 'c13f8cd4-8458-11ee-86fe-30c9aba6c580', 'c13f8cd8-8458-11ee-86fe-30c9aba6c580', 'Activity_0la13dx', 'c13f8cdc-8458-11ee-86fe-30c9aba6c580', NULL, '小组1', 'userTask', '2', '2023-11-16 16:18:42.922', '2023-11-16 16:20:25.612', 102690, NULL, '');
INSERT INTO `act_hi_actinst` VALUES ('c13f8ce5-8458-11ee-86fe-30c9aba6c580', 'Process_1700121148917:1:95b1911f-8456-11ee-aa9b-30c9aba6c580', 'c13f8cd4-8458-11ee-86fe-30c9aba6c580', 'c13f8cda-8458-11ee-86fe-30c9aba6c580', 'Activity_0fbusjo', 'c13f8ce6-8458-11ee-86fe-30c9aba6c580', NULL, '小组2', 'userTask', '1', '2023-11-16 16:18:42.922', '2023-11-16 16:19:01.871', 18949, NULL, '');
INSERT INTO `act_hi_actinst` VALUES ('cc8af03c-8458-11ee-86fe-30c9aba6c580', 'Process_1700121148917:1:95b1911f-8456-11ee-aa9b-30c9aba6c580', 'c13f8cd4-8458-11ee-86fe-30c9aba6c580', 'c13f8cda-8458-11ee-86fe-30c9aba6c580', 'Gateway_18y5y3i', NULL, NULL, NULL, 'parallelGateway', NULL, '2023-11-16 16:19:01.871', '2023-11-16 16:19:01.886', 15, NULL, '');
INSERT INTO `act_hi_actinst` VALUES ('fe74cd0f-8458-11ee-86fe-30c9aba6c580', 'Process_1700121148917:1:95b1911f-8456-11ee-aa9b-30c9aba6c580', 'c13f8cd4-8458-11ee-86fe-30c9aba6c580', 'c13f8cd8-8458-11ee-86fe-30c9aba6c580', 'Gateway_18y5y3i', NULL, NULL, NULL, 'parallelGateway', NULL, '2023-11-16 16:20:25.612', '2023-11-16 16:20:25.614', 2, NULL, '');
INSERT INTO `act_hi_actinst` VALUES ('fe751b30-8458-11ee-86fe-30c9aba6c580', 'Process_1700121148917:1:95b1911f-8456-11ee-aa9b-30c9aba6c580', 'c13f8cd4-8458-11ee-86fe-30c9aba6c580', 'c13f8cd8-8458-11ee-86fe-30c9aba6c580', 'Activity_1dxm6jh', 'fe751b31-8458-11ee-86fe-30c9aba6c580', NULL, '领导审批', 'userTask', '18', '2023-11-16 16:20:25.614', '2023-11-16 16:21:30.154', 64540, NULL, '');

-- ----------------------------
-- Table structure for act_hi_attachment
-- ----------------------------
DROP TABLE IF EXISTS `act_hi_attachment`;
CREATE TABLE `act_hi_attachment`  (
  `ID_` varchar(64) CHARACTER SET utf8 COLLATE utf8_bin NOT NULL,
  `REV_` int(11) NULL DEFAULT NULL,
  `USER_ID_` varchar(255) CHARACTER SET utf8 COLLATE utf8_bin NULL DEFAULT NULL,
  `NAME_` varchar(255) CHARACTER SET utf8 COLLATE utf8_bin NULL DEFAULT NULL,
  `DESCRIPTION_` varchar(4000) CHARACTER SET utf8 COLLATE utf8_bin NULL DEFAULT NULL,
  `TYPE_` varchar(255) CHARACTER SET utf8 COLLATE utf8_bin NULL DEFAULT NULL,
  `TASK_ID_` varchar(64) CHARACTER SET utf8 COLLATE utf8_bin NULL DEFAULT NULL,
  `PROC_INST_ID_` varchar(64) CHARACTER SET utf8 COLLATE utf8_bin NULL DEFAULT NULL,
  `URL_` varchar(4000) CHARACTER SET utf8 COLLATE utf8_bin NULL DEFAULT NULL,
  `CONTENT_ID_` varchar(64) CHARACTER SET utf8 COLLATE utf8_bin NULL DEFAULT NULL,
  `TIME_` datetime(3) NULL DEFAULT NULL,
  PRIMARY KEY (`ID_`) USING BTREE
) ENGINE = InnoDB CHARACTER SET = utf8 COLLATE = utf8_bin ROW_FORMAT = Dynamic;

-- ----------------------------
-- Records of act_hi_attachment
-- ----------------------------

-- ----------------------------
-- Table structure for act_hi_comment
-- ----------------------------
DROP TABLE IF EXISTS `act_hi_comment`;
CREATE TABLE `act_hi_comment`  (
  `ID_` varchar(64) CHARACTER SET utf8 COLLATE utf8_bin NOT NULL,
  `TYPE_` varchar(255) CHARACTER SET utf8 COLLATE utf8_bin NULL DEFAULT NULL,
  `TIME_` datetime(3) NOT NULL,
  `USER_ID_` varchar(255) CHARACTER SET utf8 COLLATE utf8_bin NULL DEFAULT NULL,
  `TASK_ID_` varchar(64) CHARACTER SET utf8 COLLATE utf8_bin NULL DEFAULT NULL,
  `PROC_INST_ID_` varchar(64) CHARACTER SET utf8 COLLATE utf8_bin NULL DEFAULT NULL,
  `ACTION_` varchar(255) CHARACTER SET utf8 COLLATE utf8_bin NULL DEFAULT NULL,
  `MESSAGE_` varchar(4000) CHARACTER SET utf8 COLLATE utf8_bin NULL DEFAULT NULL,
  `FULL_MSG_` longblob NULL,
  PRIMARY KEY (`ID_`) USING BTREE
) ENGINE = InnoDB CHARACTER SET = utf8 COLLATE = utf8_bin ROW_FORMAT = Dynamic;

-- ----------------------------
-- Records of act_hi_comment
-- ----------------------------
INSERT INTO `act_hi_comment` VALUES ('24e1d655-8459-11ee-86fe-30c9aba6c580', 'comment', '2023-11-16 16:21:30.080', NULL, 'fe751b31-8458-11ee-86fe-30c9aba6c580', 'c13f8cd4-8458-11ee-86fe-30c9aba6c580', 'AddComment', 'tongyi', 0x746F6E677969);
INSERT INTO `act_hi_comment` VALUES ('cc88cd5a-8458-11ee-86fe-30c9aba6c580', 'comment', '2023-11-16 16:19:01.857', NULL, 'c13f8ce6-8458-11ee-86fe-30c9aba6c580', 'c13f8cd4-8458-11ee-86fe-30c9aba6c580', 'AddComment', '通过', 0xE9809AE8BF87);
INSERT INTO `act_hi_comment` VALUES ('fe70121d-8458-11ee-86fe-30c9aba6c580', 'comment', '2023-11-16 16:20:25.581', NULL, 'c13f8cdc-8458-11ee-86fe-30c9aba6c580', 'c13f8cd4-8458-11ee-86fe-30c9aba6c580', 'AddComment', '通过', 0xE9809AE8BF87);

-- ----------------------------
-- Table structure for act_hi_detail
-- ----------------------------
DROP TABLE IF EXISTS `act_hi_detail`;
CREATE TABLE `act_hi_detail`  (
  `ID_` varchar(64) CHARACTER SET utf8 COLLATE utf8_bin NOT NULL,
  `TYPE_` varchar(255) CHARACTER SET utf8 COLLATE utf8_bin NOT NULL,
  `PROC_INST_ID_` varchar(64) CHARACTER SET utf8 COLLATE utf8_bin NULL DEFAULT NULL,
  `EXECUTION_ID_` varchar(64) CHARACTER SET utf8 COLLATE utf8_bin NULL DEFAULT NULL,
  `TASK_ID_` varchar(64) CHARACTER SET utf8 COLLATE utf8_bin NULL DEFAULT NULL,
  `ACT_INST_ID_` varchar(64) CHARACTER SET utf8 COLLATE utf8_bin NULL DEFAULT NULL,
  `NAME_` varchar(255) CHARACTER SET utf8 COLLATE utf8_bin NOT NULL,
  `VAR_TYPE_` varchar(255) CHARACTER SET utf8 COLLATE utf8_bin NULL DEFAULT NULL,
  `REV_` int(11) NULL DEFAULT NULL,
  `TIME_` datetime(3) NOT NULL,
  `BYTEARRAY_ID_` varchar(64) CHARACTER SET utf8 COLLATE utf8_bin NULL DEFAULT NULL,
  `DOUBLE_` double NULL DEFAULT NULL,
  `LONG_` bigint(20) NULL DEFAULT NULL,
  `TEXT_` varchar(4000) CHARACTER SET utf8 COLLATE utf8_bin NULL DEFAULT NULL,
  `TEXT2_` varchar(4000) CHARACTER SET utf8 COLLATE utf8_bin NULL DEFAULT NULL,
  PRIMARY KEY (`ID_`) USING BTREE,
  INDEX `ACT_IDX_HI_DETAIL_PROC_INST`(`PROC_INST_ID_` ASC) USING BTREE,
  INDEX `ACT_IDX_HI_DETAIL_ACT_INST`(`ACT_INST_ID_` ASC) USING BTREE,
  INDEX `ACT_IDX_HI_DETAIL_TIME`(`TIME_` ASC) USING BTREE,
  INDEX `ACT_IDX_HI_DETAIL_NAME`(`NAME_` ASC) USING BTREE,
  INDEX `ACT_IDX_HI_DETAIL_TASK_ID`(`TASK_ID_` ASC) USING BTREE
) ENGINE = InnoDB CHARACTER SET = utf8 COLLATE = utf8_bin ROW_FORMAT = Dynamic;

-- ----------------------------
-- Records of act_hi_detail
-- ----------------------------
INSERT INTO `act_hi_detail` VALUES ('043bdd6c-847b-11ee-b34f-30c9aba6c580', 'VariableUpdate', '043aa4e9-847b-11ee-b34f-30c9aba6c580', '043aa4e9-847b-11ee-b34f-30c9aba6c580', NULL, NULL, 'initiator', 'string', 0, '2023-11-16 20:23:58.194', NULL, NULL, NULL, '1', NULL);
INSERT INTO `act_hi_detail` VALUES ('044182c3-847b-11ee-b34f-30c9aba6c580', 'VariableUpdate', '043aa4e9-847b-11ee-b34f-30c9aba6c580', '043c2b8d-847b-11ee-b34f-30c9aba6c580', '04402331-847b-11ee-b34f-30c9aba6c580', NULL, 'initiator', 'string', 0, '2023-11-16 20:23:58.231', NULL, NULL, NULL, '1', NULL);
INSERT INTO `act_hi_detail` VALUES ('0443307d-847b-11ee-b34f-30c9aba6c580', 'VariableUpdate', '043aa4e9-847b-11ee-b34f-30c9aba6c580', '043d640f-847b-11ee-b34f-30c9aba6c580', '0443096b-847b-11ee-b34f-30c9aba6c580', NULL, 'initiator', 'string', 0, '2023-11-16 20:23:58.242', NULL, NULL, NULL, '1', NULL);
INSERT INTO `act_hi_detail` VALUES ('24ebc166-8459-11ee-86fe-30c9aba6c580', 'VariableUpdate', 'c13f8cd4-8458-11ee-86fe-30c9aba6c580', 'c13f8cd4-8458-11ee-86fe-30c9aba6c580', NULL, NULL, 'initiator', 'string', 1, '2023-11-16 16:21:30.145', NULL, NULL, NULL, '1', NULL);
INSERT INTO `act_hi_detail` VALUES ('c13f8cd7-8458-11ee-86fe-30c9aba6c580', 'VariableUpdate', 'c13f8cd4-8458-11ee-86fe-30c9aba6c580', 'c13f8cd4-8458-11ee-86fe-30c9aba6c580', NULL, NULL, 'initiator', 'string', 0, '2023-11-16 16:18:42.922', NULL, NULL, NULL, '1', NULL);
INSERT INTO `act_hi_detail` VALUES ('c13f8cde-8458-11ee-86fe-30c9aba6c580', 'VariableUpdate', 'c13f8cd4-8458-11ee-86fe-30c9aba6c580', 'c13f8cd8-8458-11ee-86fe-30c9aba6c580', 'c13f8cdc-8458-11ee-86fe-30c9aba6c580', NULL, 'initiator', 'string', 0, '2023-11-16 16:18:42.922', NULL, NULL, NULL, '1', NULL);
INSERT INTO `act_hi_detail` VALUES ('c13f8ce8-8458-11ee-86fe-30c9aba6c580', 'VariableUpdate', 'c13f8cd4-8458-11ee-86fe-30c9aba6c580', 'c13f8cda-8458-11ee-86fe-30c9aba6c580', 'c13f8ce6-8458-11ee-86fe-30c9aba6c580', NULL, 'initiator', 'string', 0, '2023-11-16 16:18:42.922', NULL, NULL, NULL, '1', NULL);
INSERT INTO `act_hi_detail` VALUES ('cc8af03b-8458-11ee-86fe-30c9aba6c580', 'VariableUpdate', 'c13f8cd4-8458-11ee-86fe-30c9aba6c580', 'c13f8cd4-8458-11ee-86fe-30c9aba6c580', NULL, NULL, 'initiator', 'string', 1, '2023-11-16 16:19:01.871', NULL, NULL, NULL, '1', NULL);
INSERT INTO `act_hi_detail` VALUES ('fe72831e-8458-11ee-86fe-30c9aba6c580', 'VariableUpdate', 'c13f8cd4-8458-11ee-86fe-30c9aba6c580', 'c13f8cd4-8458-11ee-86fe-30c9aba6c580', NULL, NULL, 'initiator', 'string', 1, '2023-11-16 16:20:25.597', NULL, NULL, NULL, '1', NULL);
INSERT INTO `act_hi_detail` VALUES ('fe751b33-8458-11ee-86fe-30c9aba6c580', 'VariableUpdate', 'c13f8cd4-8458-11ee-86fe-30c9aba6c580', 'c13f8cd8-8458-11ee-86fe-30c9aba6c580', 'fe751b31-8458-11ee-86fe-30c9aba6c580', NULL, 'initiator', 'string', 0, '2023-11-16 16:20:25.614', NULL, NULL, NULL, '1', NULL);

-- ----------------------------
-- Table structure for act_hi_identitylink
-- ----------------------------
DROP TABLE IF EXISTS `act_hi_identitylink`;
CREATE TABLE `act_hi_identitylink`  (
  `ID_` varchar(64) CHARACTER SET utf8 COLLATE utf8_bin NOT NULL,
  `GROUP_ID_` varchar(255) CHARACTER SET utf8 COLLATE utf8_bin NULL DEFAULT NULL,
  `TYPE_` varchar(255) CHARACTER SET utf8 COLLATE utf8_bin NULL DEFAULT NULL,
  `USER_ID_` varchar(255) CHARACTER SET utf8 COLLATE utf8_bin NULL DEFAULT NULL,
  `TASK_ID_` varchar(64) CHARACTER SET utf8 COLLATE utf8_bin NULL DEFAULT NULL,
  `PROC_INST_ID_` varchar(64) CHARACTER SET utf8 COLLATE utf8_bin NULL DEFAULT NULL,
  PRIMARY KEY (`ID_`) USING BTREE,
  INDEX `ACT_IDX_HI_IDENT_LNK_USER`(`USER_ID_` ASC) USING BTREE,
  INDEX `ACT_IDX_HI_IDENT_LNK_TASK`(`TASK_ID_` ASC) USING BTREE,
  INDEX `ACT_IDX_HI_IDENT_LNK_PROCINST`(`PROC_INST_ID_` ASC) USING BTREE
) ENGINE = InnoDB CHARACTER SET = utf8 COLLATE = utf8_bin ROW_FORMAT = Dynamic;

-- ----------------------------
-- Records of act_hi_identitylink
-- ----------------------------
INSERT INTO `act_hi_identitylink` VALUES ('043aa4ea-847b-11ee-b34f-30c9aba6c580', NULL, 'starter', '1', NULL, '043aa4e9-847b-11ee-b34f-30c9aba6c580');
INSERT INTO `act_hi_identitylink` VALUES ('04421f04-847b-11ee-b34f-30c9aba6c580', NULL, 'candidate', '2', '04402331-847b-11ee-b34f-30c9aba6c580', NULL);
INSERT INTO `act_hi_identitylink` VALUES ('04426d25-847b-11ee-b34f-30c9aba6c580', NULL, 'participant', '2', NULL, '043aa4e9-847b-11ee-b34f-30c9aba6c580');
INSERT INTO `act_hi_identitylink` VALUES ('04426d26-847b-11ee-b34f-30c9aba6c580', NULL, 'candidate', '3', '04402331-847b-11ee-b34f-30c9aba6c580', NULL);
INSERT INTO `act_hi_identitylink` VALUES ('04426d27-847b-11ee-b34f-30c9aba6c580', NULL, 'participant', '3', NULL, '043aa4e9-847b-11ee-b34f-30c9aba6c580');
INSERT INTO `act_hi_identitylink` VALUES ('04426d28-847b-11ee-b34f-30c9aba6c580', NULL, 'candidate', '4', '04402331-847b-11ee-b34f-30c9aba6c580', NULL);
INSERT INTO `act_hi_identitylink` VALUES ('04426d29-847b-11ee-b34f-30c9aba6c580', NULL, 'participant', '4', NULL, '043aa4e9-847b-11ee-b34f-30c9aba6c580');
INSERT INTO `act_hi_identitylink` VALUES ('0443578e-847b-11ee-b34f-30c9aba6c580', '0f45e0320d93832c90dd3ed323129dd6', 'candidate', NULL, '0443096b-847b-11ee-b34f-30c9aba6c580', NULL);
INSERT INTO `act_hi_identitylink` VALUES ('c13f8cd5-8458-11ee-86fe-30c9aba6c580', NULL, 'starter', '1', NULL, 'c13f8cd4-8458-11ee-86fe-30c9aba6c580');
INSERT INTO `act_hi_identitylink` VALUES ('c13f8cdf-8458-11ee-86fe-30c9aba6c580', NULL, 'candidate', '2', 'c13f8cdc-8458-11ee-86fe-30c9aba6c580', NULL);
INSERT INTO `act_hi_identitylink` VALUES ('c13f8ce0-8458-11ee-86fe-30c9aba6c580', NULL, 'participant', '2', NULL, 'c13f8cd4-8458-11ee-86fe-30c9aba6c580');
INSERT INTO `act_hi_identitylink` VALUES ('c13f8ce1-8458-11ee-86fe-30c9aba6c580', NULL, 'candidate', '3', 'c13f8cdc-8458-11ee-86fe-30c9aba6c580', NULL);
INSERT INTO `act_hi_identitylink` VALUES ('c13f8ce2-8458-11ee-86fe-30c9aba6c580', NULL, 'participant', '3', NULL, 'c13f8cd4-8458-11ee-86fe-30c9aba6c580');
INSERT INTO `act_hi_identitylink` VALUES ('c13f8ce3-8458-11ee-86fe-30c9aba6c580', NULL, 'candidate', '4', 'c13f8cdc-8458-11ee-86fe-30c9aba6c580', NULL);
INSERT INTO `act_hi_identitylink` VALUES ('c13f8ce4-8458-11ee-86fe-30c9aba6c580', NULL, 'participant', '4', NULL, 'c13f8cd4-8458-11ee-86fe-30c9aba6c580');
INSERT INTO `act_hi_identitylink` VALUES ('c13f8ce9-8458-11ee-86fe-30c9aba6c580', '0f45e0320d93832c90dd3ed323129dd6', 'candidate', NULL, 'c13f8ce6-8458-11ee-86fe-30c9aba6c580', NULL);
INSERT INTO `act_hi_identitylink` VALUES ('fe751b34-8458-11ee-86fe-30c9aba6c580', NULL, 'participant', '18', NULL, 'c13f8cd4-8458-11ee-86fe-30c9aba6c580');

-- ----------------------------
-- Table structure for act_hi_procinst
-- ----------------------------
DROP TABLE IF EXISTS `act_hi_procinst`;
CREATE TABLE `act_hi_procinst`  (
  `ID_` varchar(64) CHARACTER SET utf8 COLLATE utf8_bin NOT NULL,
  `PROC_INST_ID_` varchar(64) CHARACTER SET utf8 COLLATE utf8_bin NOT NULL,
  `BUSINESS_KEY_` varchar(255) CHARACTER SET utf8 COLLATE utf8_bin NULL DEFAULT NULL,
  `PROC_DEF_ID_` varchar(64) CHARACTER SET utf8 COLLATE utf8_bin NOT NULL,
  `START_TIME_` datetime(3) NOT NULL,
  `END_TIME_` datetime(3) NULL DEFAULT NULL,
  `DURATION_` bigint(20) NULL DEFAULT NULL,
  `START_USER_ID_` varchar(255) CHARACTER SET utf8 COLLATE utf8_bin NULL DEFAULT NULL,
  `START_ACT_ID_` varchar(255) CHARACTER SET utf8 COLLATE utf8_bin NULL DEFAULT NULL,
  `END_ACT_ID_` varchar(255) CHARACTER SET utf8 COLLATE utf8_bin NULL DEFAULT NULL,
  `SUPER_PROCESS_INSTANCE_ID_` varchar(64) CHARACTER SET utf8 COLLATE utf8_bin NULL DEFAULT NULL,
  `DELETE_REASON_` varchar(4000) CHARACTER SET utf8 COLLATE utf8_bin NULL DEFAULT NULL,
  `TENANT_ID_` varchar(255) CHARACTER SET utf8 COLLATE utf8_bin NULL DEFAULT '',
  `NAME_` varchar(255) CHARACTER SET utf8 COLLATE utf8_bin NULL DEFAULT NULL,
  PRIMARY KEY (`ID_`) USING BTREE,
  UNIQUE INDEX `PROC_INST_ID_`(`PROC_INST_ID_` ASC) USING BTREE,
  INDEX `ACT_IDX_HI_PRO_INST_END`(`END_TIME_` ASC) USING BTREE,
  INDEX `ACT_IDX_HI_PRO_I_BUSKEY`(`BUSINESS_KEY_` ASC) USING BTREE
) ENGINE = InnoDB CHARACTER SET = utf8 COLLATE = utf8_bin ROW_FORMAT = Dynamic;

-- ----------------------------
-- Records of act_hi_procinst
-- ----------------------------
INSERT INTO `act_hi_procinst` VALUES ('043aa4e9-847b-11ee-b34f-30c9aba6c580', '043aa4e9-847b-11ee-b34f-30c9aba6c580', NULL, 'Process_1700121148917:1:95b1911f-8456-11ee-aa9b-30c9aba6c580', '2023-11-16 20:23:58.186', NULL, NULL, '1', 'Event_1mvuzra', NULL, NULL, NULL, '', NULL);
INSERT INTO `act_hi_procinst` VALUES ('c13f8cd4-8458-11ee-86fe-30c9aba6c580', 'c13f8cd4-8458-11ee-86fe-30c9aba6c580', NULL, 'Process_1700121148917:1:95b1911f-8456-11ee-aa9b-30c9aba6c580', '2023-11-16 16:18:42.922', '2023-11-16 16:21:30.185', 167263, '1', 'Event_1mvuzra', 'Event_12rd4oo', NULL, NULL, '', NULL);

-- ----------------------------
-- Table structure for act_hi_taskinst
-- ----------------------------
DROP TABLE IF EXISTS `act_hi_taskinst`;
CREATE TABLE `act_hi_taskinst`  (
  `ID_` varchar(64) CHARACTER SET utf8 COLLATE utf8_bin NOT NULL,
  `PROC_DEF_ID_` varchar(64) CHARACTER SET utf8 COLLATE utf8_bin NULL DEFAULT NULL,
  `TASK_DEF_KEY_` varchar(255) CHARACTER SET utf8 COLLATE utf8_bin NULL DEFAULT NULL,
  `PROC_INST_ID_` varchar(64) CHARACTER SET utf8 COLLATE utf8_bin NULL DEFAULT NULL,
  `EXECUTION_ID_` varchar(64) CHARACTER SET utf8 COLLATE utf8_bin NULL DEFAULT NULL,
  `NAME_` varchar(255) CHARACTER SET utf8 COLLATE utf8_bin NULL DEFAULT NULL,
  `PARENT_TASK_ID_` varchar(64) CHARACTER SET utf8 COLLATE utf8_bin NULL DEFAULT NULL,
  `DESCRIPTION_` varchar(4000) CHARACTER SET utf8 COLLATE utf8_bin NULL DEFAULT NULL,
  `OWNER_` varchar(255) CHARACTER SET utf8 COLLATE utf8_bin NULL DEFAULT NULL,
  `ASSIGNEE_` varchar(255) CHARACTER SET utf8 COLLATE utf8_bin NULL DEFAULT NULL,
  `START_TIME_` datetime(3) NOT NULL,
  `CLAIM_TIME_` datetime(3) NULL DEFAULT NULL,
  `END_TIME_` datetime(3) NULL DEFAULT NULL,
  `DURATION_` bigint(20) NULL DEFAULT NULL,
  `DELETE_REASON_` varchar(4000) CHARACTER SET utf8 COLLATE utf8_bin NULL DEFAULT NULL,
  `PRIORITY_` int(11) NULL DEFAULT NULL,
  `DUE_DATE_` datetime(3) NULL DEFAULT NULL,
  `FORM_KEY_` varchar(255) CHARACTER SET utf8 COLLATE utf8_bin NULL DEFAULT NULL,
  `CATEGORY_` varchar(255) CHARACTER SET utf8 COLLATE utf8_bin NULL DEFAULT NULL,
  `TENANT_ID_` varchar(255) CHARACTER SET utf8 COLLATE utf8_bin NULL DEFAULT '',
  PRIMARY KEY (`ID_`) USING BTREE,
  INDEX `ACT_IDX_HI_TASK_INST_PROCINST`(`PROC_INST_ID_` ASC) USING BTREE
) ENGINE = InnoDB CHARACTER SET = utf8 COLLATE = utf8_bin ROW_FORMAT = Dynamic;

-- ----------------------------
-- Records of act_hi_taskinst
-- ----------------------------
INSERT INTO `act_hi_taskinst` VALUES ('04402331-847b-11ee-b34f-30c9aba6c580', 'Process_1700121148917:1:95b1911f-8456-11ee-aa9b-30c9aba6c580', 'Activity_0la13dx', '043aa4e9-847b-11ee-b34f-30c9aba6c580', '043c2b8d-847b-11ee-b34f-30c9aba6c580', '小组1', NULL, NULL, NULL, NULL, '2023-11-16 20:23:58.222', NULL, NULL, NULL, NULL, 50, NULL, NULL, NULL, '');
INSERT INTO `act_hi_taskinst` VALUES ('0443096b-847b-11ee-b34f-30c9aba6c580', 'Process_1700121148917:1:95b1911f-8456-11ee-aa9b-30c9aba6c580', 'Activity_0fbusjo', '043aa4e9-847b-11ee-b34f-30c9aba6c580', '043d640f-847b-11ee-b34f-30c9aba6c580', '小组2', NULL, NULL, NULL, NULL, '2023-11-16 20:23:58.241', NULL, NULL, NULL, NULL, 50, NULL, NULL, NULL, '');
INSERT INTO `act_hi_taskinst` VALUES ('c13f8cdc-8458-11ee-86fe-30c9aba6c580', 'Process_1700121148917:1:95b1911f-8456-11ee-aa9b-30c9aba6c580', 'Activity_0la13dx', 'c13f8cd4-8458-11ee-86fe-30c9aba6c580', 'c13f8cd8-8458-11ee-86fe-30c9aba6c580', '小组1', NULL, NULL, NULL, '2', '2023-11-16 16:18:42.922', '2023-11-16 16:20:25.522', '2023-11-16 16:20:25.597', 102675, NULL, 50, NULL, NULL, NULL, '');
INSERT INTO `act_hi_taskinst` VALUES ('c13f8ce6-8458-11ee-86fe-30c9aba6c580', 'Process_1700121148917:1:95b1911f-8456-11ee-aa9b-30c9aba6c580', 'Activity_0fbusjo', 'c13f8cd4-8458-11ee-86fe-30c9aba6c580', 'c13f8cda-8458-11ee-86fe-30c9aba6c580', '小组2', NULL, NULL, NULL, '1', '2023-11-16 16:18:42.922', '2023-11-16 16:19:01.774', '2023-11-16 16:19:01.871', 18949, NULL, 50, NULL, NULL, NULL, '');
INSERT INTO `act_hi_taskinst` VALUES ('fe751b31-8458-11ee-86fe-30c9aba6c580', 'Process_1700121148917:1:95b1911f-8456-11ee-aa9b-30c9aba6c580', 'Activity_1dxm6jh', 'c13f8cd4-8458-11ee-86fe-30c9aba6c580', 'c13f8cd8-8458-11ee-86fe-30c9aba6c580', '领导审批', NULL, NULL, NULL, '18', '2023-11-16 16:20:25.614', NULL, '2023-11-16 16:21:30.154', 64540, NULL, 50, NULL, NULL, NULL, '');

-- ----------------------------
-- Table structure for act_hi_varinst
-- ----------------------------
DROP TABLE IF EXISTS `act_hi_varinst`;
CREATE TABLE `act_hi_varinst`  (
  `ID_` varchar(64) CHARACTER SET utf8 COLLATE utf8_bin NOT NULL,
  `PROC_INST_ID_` varchar(64) CHARACTER SET utf8 COLLATE utf8_bin NULL DEFAULT NULL,
  `EXECUTION_ID_` varchar(64) CHARACTER SET utf8 COLLATE utf8_bin NULL DEFAULT NULL,
  `TASK_ID_` varchar(64) CHARACTER SET utf8 COLLATE utf8_bin NULL DEFAULT NULL,
  `NAME_` varchar(255) CHARACTER SET utf8 COLLATE utf8_bin NOT NULL,
  `VAR_TYPE_` varchar(100) CHARACTER SET utf8 COLLATE utf8_bin NULL DEFAULT NULL,
  `REV_` int(11) NULL DEFAULT NULL,
  `BYTEARRAY_ID_` varchar(64) CHARACTER SET utf8 COLLATE utf8_bin NULL DEFAULT NULL,
  `DOUBLE_` double NULL DEFAULT NULL,
  `LONG_` bigint(20) NULL DEFAULT NULL,
  `TEXT_` varchar(4000) CHARACTER SET utf8 COLLATE utf8_bin NULL DEFAULT NULL,
  `TEXT2_` varchar(4000) CHARACTER SET utf8 COLLATE utf8_bin NULL DEFAULT NULL,
  `CREATE_TIME_` datetime(3) NULL DEFAULT NULL,
  `LAST_UPDATED_TIME_` datetime(3) NULL DEFAULT NULL,
  PRIMARY KEY (`ID_`) USING BTREE,
  INDEX `ACT_IDX_HI_PROCVAR_PROC_INST`(`PROC_INST_ID_` ASC) USING BTREE,
  INDEX `ACT_IDX_HI_PROCVAR_NAME_TYPE`(`NAME_` ASC, `VAR_TYPE_` ASC) USING BTREE,
  INDEX `ACT_IDX_HI_PROCVAR_TASK_ID`(`TASK_ID_` ASC) USING BTREE
) ENGINE = InnoDB CHARACTER SET = utf8 COLLATE = utf8_bin ROW_FORMAT = Dynamic;

-- ----------------------------
-- Records of act_hi_varinst
-- ----------------------------
INSERT INTO `act_hi_varinst` VALUES ('043bdd6b-847b-11ee-b34f-30c9aba6c580', '043aa4e9-847b-11ee-b34f-30c9aba6c580', '043aa4e9-847b-11ee-b34f-30c9aba6c580', NULL, 'initiator', 'string', 0, NULL, NULL, NULL, '1', NULL, '2023-11-16 20:23:58.194', '2023-11-16 20:23:58.194');
INSERT INTO `act_hi_varinst` VALUES ('044182c2-847b-11ee-b34f-30c9aba6c580', '043aa4e9-847b-11ee-b34f-30c9aba6c580', '043c2b8d-847b-11ee-b34f-30c9aba6c580', '04402331-847b-11ee-b34f-30c9aba6c580', 'initiator', 'string', 0, NULL, NULL, NULL, '1', NULL, '2023-11-16 20:23:58.231', '2023-11-16 20:23:58.231');
INSERT INTO `act_hi_varinst` VALUES ('0443307c-847b-11ee-b34f-30c9aba6c580', '043aa4e9-847b-11ee-b34f-30c9aba6c580', '043d640f-847b-11ee-b34f-30c9aba6c580', '0443096b-847b-11ee-b34f-30c9aba6c580', 'initiator', 'string', 0, NULL, NULL, NULL, '1', NULL, '2023-11-16 20:23:58.242', '2023-11-16 20:23:58.242');
INSERT INTO `act_hi_varinst` VALUES ('c13f8cd6-8458-11ee-86fe-30c9aba6c580', 'c13f8cd4-8458-11ee-86fe-30c9aba6c580', 'c13f8cd4-8458-11ee-86fe-30c9aba6c580', NULL, 'initiator', 'string', 3, NULL, NULL, NULL, '1', NULL, '2023-11-16 16:18:42.922', '2023-11-16 16:21:30.151');
INSERT INTO `act_hi_varinst` VALUES ('c13f8cdd-8458-11ee-86fe-30c9aba6c580', 'c13f8cd4-8458-11ee-86fe-30c9aba6c580', 'c13f8cd8-8458-11ee-86fe-30c9aba6c580', 'c13f8cdc-8458-11ee-86fe-30c9aba6c580', 'initiator', 'string', 0, NULL, NULL, NULL, '1', NULL, '2023-11-16 16:18:42.922', '2023-11-16 16:18:42.922');
INSERT INTO `act_hi_varinst` VALUES ('c13f8ce7-8458-11ee-86fe-30c9aba6c580', 'c13f8cd4-8458-11ee-86fe-30c9aba6c580', 'c13f8cda-8458-11ee-86fe-30c9aba6c580', 'c13f8ce6-8458-11ee-86fe-30c9aba6c580', 'initiator', 'string', 0, NULL, NULL, NULL, '1', NULL, '2023-11-16 16:18:42.922', '2023-11-16 16:18:42.922');
INSERT INTO `act_hi_varinst` VALUES ('fe751b32-8458-11ee-86fe-30c9aba6c580', 'c13f8cd4-8458-11ee-86fe-30c9aba6c580', 'c13f8cd8-8458-11ee-86fe-30c9aba6c580', 'fe751b31-8458-11ee-86fe-30c9aba6c580', 'initiator', 'string', 0, NULL, NULL, NULL, '1', NULL, '2023-11-16 16:20:25.614', '2023-11-16 16:20:25.614');

-- ----------------------------
-- Table structure for act_procdef_info
-- ----------------------------
DROP TABLE IF EXISTS `act_procdef_info`;
CREATE TABLE `act_procdef_info`  (
  `ID_` varchar(64) CHARACTER SET utf8 COLLATE utf8_bin NOT NULL,
  `PROC_DEF_ID_` varchar(64) CHARACTER SET utf8 COLLATE utf8_bin NOT NULL,
  `REV_` int(11) NULL DEFAULT NULL,
  `INFO_JSON_ID_` varchar(64) CHARACTER SET utf8 COLLATE utf8_bin NULL DEFAULT NULL,
  PRIMARY KEY (`ID_`) USING BTREE,
  UNIQUE INDEX `ACT_UNIQ_INFO_PROCDEF`(`PROC_DEF_ID_` ASC) USING BTREE,
  INDEX `ACT_IDX_INFO_PROCDEF`(`PROC_DEF_ID_` ASC) USING BTREE,
  INDEX `ACT_FK_INFO_JSON_BA`(`INFO_JSON_ID_` ASC) USING BTREE,
  CONSTRAINT `ACT_FK_INFO_JSON_BA` FOREIGN KEY (`INFO_JSON_ID_`) REFERENCES `act_ge_bytearray` (`id_`) ON DELETE RESTRICT ON UPDATE RESTRICT,
  CONSTRAINT `ACT_FK_INFO_PROCDEF` FOREIGN KEY (`PROC_DEF_ID_`) REFERENCES `act_re_procdef` (`id_`) ON DELETE RESTRICT ON UPDATE RESTRICT
) ENGINE = InnoDB CHARACTER SET = utf8 COLLATE = utf8_bin ROW_FORMAT = Dynamic;

-- ----------------------------
-- Records of act_procdef_info
-- ----------------------------

-- ----------------------------
-- Table structure for act_re_deployment
-- ----------------------------
DROP TABLE IF EXISTS `act_re_deployment`;
CREATE TABLE `act_re_deployment`  (
  `ID_` varchar(64) CHARACTER SET utf8 COLLATE utf8_bin NOT NULL,
  `NAME_` varchar(255) CHARACTER SET utf8 COLLATE utf8_bin NULL DEFAULT NULL,
  `CATEGORY_` varchar(255) CHARACTER SET utf8 COLLATE utf8_bin NULL DEFAULT NULL,
  `KEY_` varchar(255) CHARACTER SET utf8 COLLATE utf8_bin NULL DEFAULT NULL,
  `TENANT_ID_` varchar(255) CHARACTER SET utf8 COLLATE utf8_bin NULL DEFAULT '',
  `DEPLOY_TIME_` timestamp(3) NULL DEFAULT NULL,
  `ENGINE_VERSION_` varchar(255) CHARACTER SET utf8 COLLATE utf8_bin NULL DEFAULT NULL,
  PRIMARY KEY (`ID_`) USING BTREE
) ENGINE = InnoDB CHARACTER SET = utf8 COLLATE = utf8_bin ROW_FORMAT = Dynamic;

-- ----------------------------
-- Records of act_re_deployment
-- ----------------------------
INSERT INTO `act_re_deployment` VALUES ('959f68ad-8456-11ee-aa9b-30c9aba6c580', NULL, NULL, NULL, '', '2023-11-16 16:03:10.737', NULL);

-- ----------------------------
-- Table structure for act_re_model
-- ----------------------------
DROP TABLE IF EXISTS `act_re_model`;
CREATE TABLE `act_re_model`  (
  `ID_` varchar(64) CHARACTER SET utf8 COLLATE utf8_bin NOT NULL,
  `REV_` int(11) NULL DEFAULT NULL,
  `NAME_` varchar(255) CHARACTER SET utf8 COLLATE utf8_bin NULL DEFAULT NULL,
  `KEY_` varchar(255) CHARACTER SET utf8 COLLATE utf8_bin NULL DEFAULT NULL,
  `CATEGORY_` varchar(255) CHARACTER SET utf8 COLLATE utf8_bin NULL DEFAULT NULL,
  `CREATE_TIME_` timestamp(3) NULL DEFAULT NULL,
  `LAST_UPDATE_TIME_` timestamp(3) NULL DEFAULT NULL,
  `VERSION_` int(11) NULL DEFAULT NULL,
  `META_INFO_` varchar(4000) CHARACTER SET utf8 COLLATE utf8_bin NULL DEFAULT NULL,
  `DEPLOYMENT_ID_` varchar(64) CHARACTER SET utf8 COLLATE utf8_bin NULL DEFAULT NULL,
  `EDITOR_SOURCE_VALUE_ID_` varchar(64) CHARACTER SET utf8 COLLATE utf8_bin NULL DEFAULT NULL,
  `EDITOR_SOURCE_EXTRA_VALUE_ID_` varchar(64) CHARACTER SET utf8 COLLATE utf8_bin NULL DEFAULT NULL,
  `TENANT_ID_` varchar(255) CHARACTER SET utf8 COLLATE utf8_bin NULL DEFAULT '',
  PRIMARY KEY (`ID_`) USING BTREE,
  INDEX `ACT_FK_MODEL_SOURCE`(`EDITOR_SOURCE_VALUE_ID_` ASC) USING BTREE,
  INDEX `ACT_FK_MODEL_SOURCE_EXTRA`(`EDITOR_SOURCE_EXTRA_VALUE_ID_` ASC) USING BTREE,
  INDEX `ACT_FK_MODEL_DEPLOYMENT`(`DEPLOYMENT_ID_` ASC) USING BTREE,
  CONSTRAINT `ACT_FK_MODEL_DEPLOYMENT` FOREIGN KEY (`DEPLOYMENT_ID_`) REFERENCES `act_re_deployment` (`id_`) ON DELETE RESTRICT ON UPDATE RESTRICT,
  CONSTRAINT `ACT_FK_MODEL_SOURCE` FOREIGN KEY (`EDITOR_SOURCE_VALUE_ID_`) REFERENCES `act_ge_bytearray` (`id_`) ON DELETE RESTRICT ON UPDATE RESTRICT,
  CONSTRAINT `ACT_FK_MODEL_SOURCE_EXTRA` FOREIGN KEY (`EDITOR_SOURCE_EXTRA_VALUE_ID_`) REFERENCES `act_ge_bytearray` (`id_`) ON DELETE RESTRICT ON UPDATE RESTRICT
) ENGINE = InnoDB CHARACTER SET = utf8 COLLATE = utf8_bin ROW_FORMAT = Dynamic;

-- ----------------------------
-- Records of act_re_model
-- ----------------------------

-- ----------------------------
-- Table structure for act_re_procdef
-- ----------------------------
DROP TABLE IF EXISTS `act_re_procdef`;
CREATE TABLE `act_re_procdef`  (
  `ID_` varchar(64) CHARACTER SET utf8 COLLATE utf8_bin NOT NULL,
  `REV_` int(11) NULL DEFAULT NULL,
  `CATEGORY_` varchar(255) CHARACTER SET utf8 COLLATE utf8_bin NULL DEFAULT NULL,
  `NAME_` varchar(255) CHARACTER SET utf8 COLLATE utf8_bin NULL DEFAULT NULL,
  `KEY_` varchar(255) CHARACTER SET utf8 COLLATE utf8_bin NOT NULL,
  `VERSION_` int(11) NOT NULL,
  `DEPLOYMENT_ID_` varchar(64) CHARACTER SET utf8 COLLATE utf8_bin NULL DEFAULT NULL,
  `RESOURCE_NAME_` varchar(4000) CHARACTER SET utf8 COLLATE utf8_bin NULL DEFAULT NULL,
  `DGRM_RESOURCE_NAME_` varchar(4000) CHARACTER SET utf8 COLLATE utf8_bin NULL DEFAULT NULL,
  `DESCRIPTION_` varchar(4000) CHARACTER SET utf8 COLLATE utf8_bin NULL DEFAULT NULL,
  `HAS_START_FORM_KEY_` tinyint(4) NULL DEFAULT NULL,
  `HAS_GRAPHICAL_NOTATION_` tinyint(4) NULL DEFAULT NULL,
  `SUSPENSION_STATE_` int(11) NULL DEFAULT NULL,
  `TENANT_ID_` varchar(255) CHARACTER SET utf8 COLLATE utf8_bin NULL DEFAULT '',
  `ENGINE_VERSION_` varchar(255) CHARACTER SET utf8 COLLATE utf8_bin NULL DEFAULT NULL,
  PRIMARY KEY (`ID_`) USING BTREE,
  UNIQUE INDEX `ACT_UNIQ_PROCDEF`(`KEY_` ASC, `VERSION_` ASC, `TENANT_ID_` ASC) USING BTREE
) ENGINE = InnoDB CHARACTER SET = utf8 COLLATE = utf8_bin ROW_FORMAT = Dynamic;

-- ----------------------------
-- Records of act_re_procdef
-- ----------------------------
INSERT INTO `act_re_procdef` VALUES ('Process_1700121148917:1:95b1911f-8456-11ee-aa9b-30c9aba6c580', 1, 'http://bpmn.io/schema/bpmn', '新建流程', 'Process_1700121148917', 1, '959f68ad-8456-11ee-aa9b-30c9aba6c580', 'index.bpmn', NULL, NULL, 0, 1, 1, '', NULL);

-- ----------------------------
-- Table structure for act_ru_deadletter_job
-- ----------------------------
DROP TABLE IF EXISTS `act_ru_deadletter_job`;
CREATE TABLE `act_ru_deadletter_job`  (
  `ID_` varchar(64) CHARACTER SET utf8 COLLATE utf8_bin NOT NULL,
  `REV_` int(11) NULL DEFAULT NULL,
  `TYPE_` varchar(255) CHARACTER SET utf8 COLLATE utf8_bin NOT NULL,
  `EXCLUSIVE_` tinyint(1) NULL DEFAULT NULL,
  `EXECUTION_ID_` varchar(64) CHARACTER SET utf8 COLLATE utf8_bin NULL DEFAULT NULL,
  `PROCESS_INSTANCE_ID_` varchar(64) CHARACTER SET utf8 COLLATE utf8_bin NULL DEFAULT NULL,
  `PROC_DEF_ID_` varchar(64) CHARACTER SET utf8 COLLATE utf8_bin NULL DEFAULT NULL,
  `EXCEPTION_STACK_ID_` varchar(64) CHARACTER SET utf8 COLLATE utf8_bin NULL DEFAULT NULL,
  `EXCEPTION_MSG_` varchar(4000) CHARACTER SET utf8 COLLATE utf8_bin NULL DEFAULT NULL,
  `DUEDATE_` timestamp(3) NULL DEFAULT NULL,
  `REPEAT_` varchar(255) CHARACTER SET utf8 COLLATE utf8_bin NULL DEFAULT NULL,
  `HANDLER_TYPE_` varchar(255) CHARACTER SET utf8 COLLATE utf8_bin NULL DEFAULT NULL,
  `HANDLER_CFG_` varchar(4000) CHARACTER SET utf8 COLLATE utf8_bin NULL DEFAULT NULL,
  `TENANT_ID_` varchar(255) CHARACTER SET utf8 COLLATE utf8_bin NULL DEFAULT '',
  PRIMARY KEY (`ID_`) USING BTREE,
  INDEX `ACT_FK_DEADLETTER_JOB_EXECUTION`(`EXECUTION_ID_` ASC) USING BTREE,
  INDEX `ACT_FK_DEADLETTER_JOB_PROCESS_INSTANCE`(`PROCESS_INSTANCE_ID_` ASC) USING BTREE,
  INDEX `ACT_FK_DEADLETTER_JOB_PROC_DEF`(`PROC_DEF_ID_` ASC) USING BTREE,
  INDEX `ACT_FK_DEADLETTER_JOB_EXCEPTION`(`EXCEPTION_STACK_ID_` ASC) USING BTREE,
  CONSTRAINT `ACT_FK_DEADLETTER_JOB_EXCEPTION` FOREIGN KEY (`EXCEPTION_STACK_ID_`) REFERENCES `act_ge_bytearray` (`id_`) ON DELETE RESTRICT ON UPDATE RESTRICT,
  CONSTRAINT `ACT_FK_DEADLETTER_JOB_EXECUTION` FOREIGN KEY (`EXECUTION_ID_`) REFERENCES `act_ru_execution` (`id_`) ON DELETE RESTRICT ON UPDATE RESTRICT,
  CONSTRAINT `ACT_FK_DEADLETTER_JOB_PROCESS_INSTANCE` FOREIGN KEY (`PROCESS_INSTANCE_ID_`) REFERENCES `act_ru_execution` (`id_`) ON DELETE RESTRICT ON UPDATE RESTRICT,
  CONSTRAINT `ACT_FK_DEADLETTER_JOB_PROC_DEF` FOREIGN KEY (`PROC_DEF_ID_`) REFERENCES `act_re_procdef` (`id_`) ON DELETE RESTRICT ON UPDATE RESTRICT
) ENGINE = InnoDB CHARACTER SET = utf8 COLLATE = utf8_bin ROW_FORMAT = Dynamic;

-- ----------------------------
-- Records of act_ru_deadletter_job
-- ----------------------------

-- ----------------------------
-- Table structure for act_ru_event_subscr
-- ----------------------------
DROP TABLE IF EXISTS `act_ru_event_subscr`;
CREATE TABLE `act_ru_event_subscr`  (
  `ID_` varchar(64) CHARACTER SET utf8 COLLATE utf8_bin NOT NULL,
  `REV_` int(11) NULL DEFAULT NULL,
  `EVENT_TYPE_` varchar(255) CHARACTER SET utf8 COLLATE utf8_bin NOT NULL,
  `EVENT_NAME_` varchar(255) CHARACTER SET utf8 COLLATE utf8_bin NULL DEFAULT NULL,
  `EXECUTION_ID_` varchar(64) CHARACTER SET utf8 COLLATE utf8_bin NULL DEFAULT NULL,
  `PROC_INST_ID_` varchar(64) CHARACTER SET utf8 COLLATE utf8_bin NULL DEFAULT NULL,
  `ACTIVITY_ID_` varchar(64) CHARACTER SET utf8 COLLATE utf8_bin NULL DEFAULT NULL,
  `CONFIGURATION_` varchar(255) CHARACTER SET utf8 COLLATE utf8_bin NULL DEFAULT NULL,
  `CREATED_` timestamp(3) NOT NULL DEFAULT CURRENT_TIMESTAMP(3),
  `PROC_DEF_ID_` varchar(64) CHARACTER SET utf8 COLLATE utf8_bin NULL DEFAULT NULL,
  `TENANT_ID_` varchar(255) CHARACTER SET utf8 COLLATE utf8_bin NULL DEFAULT '',
  PRIMARY KEY (`ID_`) USING BTREE,
  INDEX `ACT_IDX_EVENT_SUBSCR_CONFIG_`(`CONFIGURATION_` ASC) USING BTREE,
  INDEX `ACT_FK_EVENT_EXEC`(`EXECUTION_ID_` ASC) USING BTREE,
  CONSTRAINT `ACT_FK_EVENT_EXEC` FOREIGN KEY (`EXECUTION_ID_`) REFERENCES `act_ru_execution` (`id_`) ON DELETE RESTRICT ON UPDATE RESTRICT
) ENGINE = InnoDB CHARACTER SET = utf8 COLLATE = utf8_bin ROW_FORMAT = Dynamic;

-- ----------------------------
-- Records of act_ru_event_subscr
-- ----------------------------

-- ----------------------------
-- Table structure for act_ru_execution
-- ----------------------------
DROP TABLE IF EXISTS `act_ru_execution`;
CREATE TABLE `act_ru_execution`  (
  `ID_` varchar(64) CHARACTER SET utf8 COLLATE utf8_bin NOT NULL,
  `REV_` int(11) NULL DEFAULT NULL,
  `PROC_INST_ID_` varchar(64) CHARACTER SET utf8 COLLATE utf8_bin NULL DEFAULT NULL,
  `BUSINESS_KEY_` varchar(255) CHARACTER SET utf8 COLLATE utf8_bin NULL DEFAULT NULL,
  `PARENT_ID_` varchar(64) CHARACTER SET utf8 COLLATE utf8_bin NULL DEFAULT NULL,
  `PROC_DEF_ID_` varchar(64) CHARACTER SET utf8 COLLATE utf8_bin NULL DEFAULT NULL,
  `SUPER_EXEC_` varchar(64) CHARACTER SET utf8 COLLATE utf8_bin NULL DEFAULT NULL,
  `ROOT_PROC_INST_ID_` varchar(64) CHARACTER SET utf8 COLLATE utf8_bin NULL DEFAULT NULL,
  `ACT_ID_` varchar(255) CHARACTER SET utf8 COLLATE utf8_bin NULL DEFAULT NULL,
  `IS_ACTIVE_` tinyint(4) NULL DEFAULT NULL,
  `IS_CONCURRENT_` tinyint(4) NULL DEFAULT NULL,
  `IS_SCOPE_` tinyint(4) NULL DEFAULT NULL,
  `IS_EVENT_SCOPE_` tinyint(4) NULL DEFAULT NULL,
  `IS_MI_ROOT_` tinyint(4) NULL DEFAULT NULL,
  `SUSPENSION_STATE_` int(11) NULL DEFAULT NULL,
  `CACHED_ENT_STATE_` int(11) NULL DEFAULT NULL,
  `TENANT_ID_` varchar(255) CHARACTER SET utf8 COLLATE utf8_bin NULL DEFAULT '',
  `NAME_` varchar(255) CHARACTER SET utf8 COLLATE utf8_bin NULL DEFAULT NULL,
  `START_TIME_` datetime(3) NULL DEFAULT NULL,
  `START_USER_ID_` varchar(255) CHARACTER SET utf8 COLLATE utf8_bin NULL DEFAULT NULL,
  `LOCK_TIME_` timestamp(3) NULL DEFAULT NULL,
  `IS_COUNT_ENABLED_` tinyint(4) NULL DEFAULT NULL,
  `EVT_SUBSCR_COUNT_` int(11) NULL DEFAULT NULL,
  `TASK_COUNT_` int(11) NULL DEFAULT NULL,
  `JOB_COUNT_` int(11) NULL DEFAULT NULL,
  `TIMER_JOB_COUNT_` int(11) NULL DEFAULT NULL,
  `SUSP_JOB_COUNT_` int(11) NULL DEFAULT NULL,
  `DEADLETTER_JOB_COUNT_` int(11) NULL DEFAULT NULL,
  `VAR_COUNT_` int(11) NULL DEFAULT NULL,
  `ID_LINK_COUNT_` int(11) NULL DEFAULT NULL,
  PRIMARY KEY (`ID_`) USING BTREE,
  INDEX `ACT_IDX_EXEC_BUSKEY`(`BUSINESS_KEY_` ASC) USING BTREE,
  INDEX `ACT_IDC_EXEC_ROOT`(`ROOT_PROC_INST_ID_` ASC) USING BTREE,
  INDEX `ACT_FK_EXE_PROCINST`(`PROC_INST_ID_` ASC) USING BTREE,
  INDEX `ACT_FK_EXE_PARENT`(`PARENT_ID_` ASC) USING BTREE,
  INDEX `ACT_FK_EXE_SUPER`(`SUPER_EXEC_` ASC) USING BTREE,
  INDEX `ACT_FK_EXE_PROCDEF`(`PROC_DEF_ID_` ASC) USING BTREE,
  CONSTRAINT `ACT_FK_EXE_PARENT` FOREIGN KEY (`PARENT_ID_`) REFERENCES `act_ru_execution` (`id_`) ON DELETE CASCADE ON UPDATE RESTRICT,
  CONSTRAINT `ACT_FK_EXE_PROCDEF` FOREIGN KEY (`PROC_DEF_ID_`) REFERENCES `act_re_procdef` (`id_`) ON DELETE RESTRICT ON UPDATE RESTRICT,
  CONSTRAINT `ACT_FK_EXE_PROCINST` FOREIGN KEY (`PROC_INST_ID_`) REFERENCES `act_ru_execution` (`id_`) ON DELETE CASCADE ON UPDATE CASCADE,
  CONSTRAINT `ACT_FK_EXE_SUPER` FOREIGN KEY (`SUPER_EXEC_`) REFERENCES `act_ru_execution` (`id_`) ON DELETE CASCADE ON UPDATE RESTRICT
) ENGINE = InnoDB CHARACTER SET = utf8 COLLATE = utf8_bin ROW_FORMAT = Dynamic;

-- ----------------------------
-- Records of act_ru_execution
-- ----------------------------
INSERT INTO `act_ru_execution` VALUES ('043aa4e9-847b-11ee-b34f-30c9aba6c580', 1, '043aa4e9-847b-11ee-b34f-30c9aba6c580', NULL, NULL, 'Process_1700121148917:1:95b1911f-8456-11ee-aa9b-30c9aba6c580', NULL, '043aa4e9-847b-11ee-b34f-30c9aba6c580', NULL, 1, 0, 1, 0, 0, 1, NULL, '', NULL, '2023-11-16 20:23:58.186', '1', NULL, 0, 0, 0, 0, 0, 0, 0, 0, 0);
INSERT INTO `act_ru_execution` VALUES ('043c2b8d-847b-11ee-b34f-30c9aba6c580', 1, '043aa4e9-847b-11ee-b34f-30c9aba6c580', NULL, '043aa4e9-847b-11ee-b34f-30c9aba6c580', 'Process_1700121148917:1:95b1911f-8456-11ee-aa9b-30c9aba6c580', NULL, '043aa4e9-847b-11ee-b34f-30c9aba6c580', 'Activity_0la13dx', 1, 0, 0, 0, 0, 1, NULL, '', NULL, '2023-11-16 20:23:58.196', NULL, NULL, 0, 0, 0, 0, 0, 0, 0, 0, 0);
INSERT INTO `act_ru_execution` VALUES ('043d640f-847b-11ee-b34f-30c9aba6c580', 1, '043aa4e9-847b-11ee-b34f-30c9aba6c580', NULL, '043aa4e9-847b-11ee-b34f-30c9aba6c580', 'Process_1700121148917:1:95b1911f-8456-11ee-aa9b-30c9aba6c580', NULL, '043aa4e9-847b-11ee-b34f-30c9aba6c580', 'Activity_0fbusjo', 1, 0, 0, 0, 0, 1, NULL, '', NULL, '2023-11-16 20:23:58.204', NULL, NULL, 0, 0, 0, 0, 0, 0, 0, 0, 0);

-- ----------------------------
-- Table structure for act_ru_identitylink
-- ----------------------------
DROP TABLE IF EXISTS `act_ru_identitylink`;
CREATE TABLE `act_ru_identitylink`  (
  `ID_` varchar(64) CHARACTER SET utf8 COLLATE utf8_bin NOT NULL,
  `REV_` int(11) NULL DEFAULT NULL,
  `GROUP_ID_` varchar(255) CHARACTER SET utf8 COLLATE utf8_bin NULL DEFAULT NULL,
  `TYPE_` varchar(255) CHARACTER SET utf8 COLLATE utf8_bin NULL DEFAULT NULL,
  `USER_ID_` varchar(255) CHARACTER SET utf8 COLLATE utf8_bin NULL DEFAULT NULL,
  `TASK_ID_` varchar(64) CHARACTER SET utf8 COLLATE utf8_bin NULL DEFAULT NULL,
  `PROC_INST_ID_` varchar(64) CHARACTER SET utf8 COLLATE utf8_bin NULL DEFAULT NULL,
  `PROC_DEF_ID_` varchar(64) CHARACTER SET utf8 COLLATE utf8_bin NULL DEFAULT NULL,
  PRIMARY KEY (`ID_`) USING BTREE,
  INDEX `ACT_IDX_IDENT_LNK_USER`(`USER_ID_` ASC) USING BTREE,
  INDEX `ACT_IDX_IDENT_LNK_GROUP`(`GROUP_ID_` ASC) USING BTREE,
  INDEX `ACT_IDX_ATHRZ_PROCEDEF`(`PROC_DEF_ID_` ASC) USING BTREE,
  INDEX `ACT_FK_TSKASS_TASK`(`TASK_ID_` ASC) USING BTREE,
  INDEX `ACT_FK_IDL_PROCINST`(`PROC_INST_ID_` ASC) USING BTREE,
  CONSTRAINT `ACT_FK_ATHRZ_PROCEDEF` FOREIGN KEY (`PROC_DEF_ID_`) REFERENCES `act_re_procdef` (`id_`) ON DELETE RESTRICT ON UPDATE RESTRICT,
  CONSTRAINT `ACT_FK_IDL_PROCINST` FOREIGN KEY (`PROC_INST_ID_`) REFERENCES `act_ru_execution` (`id_`) ON DELETE RESTRICT ON UPDATE RESTRICT,
  CONSTRAINT `ACT_FK_TSKASS_TASK` FOREIGN KEY (`TASK_ID_`) REFERENCES `act_ru_task` (`id_`) ON DELETE RESTRICT ON UPDATE RESTRICT
) ENGINE = InnoDB CHARACTER SET = utf8 COLLATE = utf8_bin ROW_FORMAT = Dynamic;

-- ----------------------------
-- Records of act_ru_identitylink
-- ----------------------------
INSERT INTO `act_ru_identitylink` VALUES ('043aa4ea-847b-11ee-b34f-30c9aba6c580', 1, NULL, 'starter', '1', NULL, '043aa4e9-847b-11ee-b34f-30c9aba6c580', NULL);
INSERT INTO `act_ru_identitylink` VALUES ('04421f04-847b-11ee-b34f-30c9aba6c580', 1, NULL, 'candidate', '2', '04402331-847b-11ee-b34f-30c9aba6c580', NULL, NULL);
INSERT INTO `act_ru_identitylink` VALUES ('04426d25-847b-11ee-b34f-30c9aba6c580', 1, NULL, 'participant', '2', NULL, '043aa4e9-847b-11ee-b34f-30c9aba6c580', NULL);
INSERT INTO `act_ru_identitylink` VALUES ('04426d26-847b-11ee-b34f-30c9aba6c580', 1, NULL, 'candidate', '3', '04402331-847b-11ee-b34f-30c9aba6c580', NULL, NULL);
INSERT INTO `act_ru_identitylink` VALUES ('04426d27-847b-11ee-b34f-30c9aba6c580', 1, NULL, 'participant', '3', NULL, '043aa4e9-847b-11ee-b34f-30c9aba6c580', NULL);
INSERT INTO `act_ru_identitylink` VALUES ('04426d28-847b-11ee-b34f-30c9aba6c580', 1, NULL, 'candidate', '4', '04402331-847b-11ee-b34f-30c9aba6c580', NULL, NULL);
INSERT INTO `act_ru_identitylink` VALUES ('04426d29-847b-11ee-b34f-30c9aba6c580', 1, NULL, 'participant', '4', NULL, '043aa4e9-847b-11ee-b34f-30c9aba6c580', NULL);
INSERT INTO `act_ru_identitylink` VALUES ('0443578e-847b-11ee-b34f-30c9aba6c580', 1, '0f45e0320d93832c90dd3ed323129dd6', 'candidate', NULL, '0443096b-847b-11ee-b34f-30c9aba6c580', NULL, NULL);

-- ----------------------------
-- Table structure for act_ru_integration
-- ----------------------------
DROP TABLE IF EXISTS `act_ru_integration`;
CREATE TABLE `act_ru_integration`  (
  `ID_` varchar(64) CHARACTER SET utf8 COLLATE utf8_bin NOT NULL,
  `EXECUTION_ID_` varchar(64) CHARACTER SET utf8 COLLATE utf8_bin NULL DEFAULT NULL,
  `PROCESS_INSTANCE_ID_` varchar(64) CHARACTER SET utf8 COLLATE utf8_bin NULL DEFAULT NULL,
  `PROC_DEF_ID_` varchar(64) CHARACTER SET utf8 COLLATE utf8_bin NULL DEFAULT NULL,
  `FLOW_NODE_ID_` varchar(64) CHARACTER SET utf8 COLLATE utf8_bin NULL DEFAULT NULL,
  `CREATED_DATE_` timestamp(3) NULL DEFAULT NULL,
  PRIMARY KEY (`ID_`) USING BTREE,
  INDEX `ACT_FK_INT_EXECUTION`(`EXECUTION_ID_` ASC) USING BTREE,
  INDEX `ACT_FK_INT_PROC_INST`(`PROCESS_INSTANCE_ID_` ASC) USING BTREE,
  INDEX `ACT_FK_INT_PROC_DEF`(`PROC_DEF_ID_` ASC) USING BTREE,
  CONSTRAINT `ACT_FK_INT_EXECUTION` FOREIGN KEY (`EXECUTION_ID_`) REFERENCES `act_ru_execution` (`id_`) ON DELETE CASCADE ON UPDATE RESTRICT,
  CONSTRAINT `ACT_FK_INT_PROC_DEF` FOREIGN KEY (`PROC_DEF_ID_`) REFERENCES `act_re_procdef` (`id_`) ON DELETE RESTRICT ON UPDATE RESTRICT,
  CONSTRAINT `ACT_FK_INT_PROC_INST` FOREIGN KEY (`PROCESS_INSTANCE_ID_`) REFERENCES `act_ru_execution` (`id_`) ON DELETE RESTRICT ON UPDATE RESTRICT
) ENGINE = InnoDB CHARACTER SET = utf8 COLLATE = utf8_bin ROW_FORMAT = Dynamic;

-- ----------------------------
-- Records of act_ru_integration
-- ----------------------------

-- ----------------------------
-- Table structure for act_ru_job
-- ----------------------------
DROP TABLE IF EXISTS `act_ru_job`;
CREATE TABLE `act_ru_job`  (
  `ID_` varchar(64) CHARACTER SET utf8 COLLATE utf8_bin NOT NULL,
  `REV_` int(11) NULL DEFAULT NULL,
  `TYPE_` varchar(255) CHARACTER SET utf8 COLLATE utf8_bin NOT NULL,
  `LOCK_EXP_TIME_` timestamp(3) NULL DEFAULT NULL,
  `LOCK_OWNER_` varchar(255) CHARACTER SET utf8 COLLATE utf8_bin NULL DEFAULT NULL,
  `EXCLUSIVE_` tinyint(1) NULL DEFAULT NULL,
  `EXECUTION_ID_` varchar(64) CHARACTER SET utf8 COLLATE utf8_bin NULL DEFAULT NULL,
  `PROCESS_INSTANCE_ID_` varchar(64) CHARACTER SET utf8 COLLATE utf8_bin NULL DEFAULT NULL,
  `PROC_DEF_ID_` varchar(64) CHARACTER SET utf8 COLLATE utf8_bin NULL DEFAULT NULL,
  `RETRIES_` int(11) NULL DEFAULT NULL,
  `EXCEPTION_STACK_ID_` varchar(64) CHARACTER SET utf8 COLLATE utf8_bin NULL DEFAULT NULL,
  `EXCEPTION_MSG_` varchar(4000) CHARACTER SET utf8 COLLATE utf8_bin NULL DEFAULT NULL,
  `DUEDATE_` timestamp(3) NULL DEFAULT NULL,
  `REPEAT_` varchar(255) CHARACTER SET utf8 COLLATE utf8_bin NULL DEFAULT NULL,
  `HANDLER_TYPE_` varchar(255) CHARACTER SET utf8 COLLATE utf8_bin NULL DEFAULT NULL,
  `HANDLER_CFG_` varchar(4000) CHARACTER SET utf8 COLLATE utf8_bin NULL DEFAULT NULL,
  `TENANT_ID_` varchar(255) CHARACTER SET utf8 COLLATE utf8_bin NULL DEFAULT '',
  PRIMARY KEY (`ID_`) USING BTREE,
  INDEX `ACT_FK_JOB_EXECUTION`(`EXECUTION_ID_` ASC) USING BTREE,
  INDEX `ACT_FK_JOB_PROCESS_INSTANCE`(`PROCESS_INSTANCE_ID_` ASC) USING BTREE,
  INDEX `ACT_FK_JOB_PROC_DEF`(`PROC_DEF_ID_` ASC) USING BTREE,
  INDEX `ACT_FK_JOB_EXCEPTION`(`EXCEPTION_STACK_ID_` ASC) USING BTREE,
  CONSTRAINT `ACT_FK_JOB_EXCEPTION` FOREIGN KEY (`EXCEPTION_STACK_ID_`) REFERENCES `act_ge_bytearray` (`id_`) ON DELETE RESTRICT ON UPDATE RESTRICT,
  CONSTRAINT `ACT_FK_JOB_EXECUTION` FOREIGN KEY (`EXECUTION_ID_`) REFERENCES `act_ru_execution` (`id_`) ON DELETE RESTRICT ON UPDATE RESTRICT,
  CONSTRAINT `ACT_FK_JOB_PROCESS_INSTANCE` FOREIGN KEY (`PROCESS_INSTANCE_ID_`) REFERENCES `act_ru_execution` (`id_`) ON DELETE RESTRICT ON UPDATE RESTRICT,
  CONSTRAINT `ACT_FK_JOB_PROC_DEF` FOREIGN KEY (`PROC_DEF_ID_`) REFERENCES `act_re_procdef` (`id_`) ON DELETE RESTRICT ON UPDATE RESTRICT
) ENGINE = InnoDB CHARACTER SET = utf8 COLLATE = utf8_bin ROW_FORMAT = Dynamic;

-- ----------------------------
-- Records of act_ru_job
-- ----------------------------

-- ----------------------------
-- Table structure for act_ru_suspended_job
-- ----------------------------
DROP TABLE IF EXISTS `act_ru_suspended_job`;
CREATE TABLE `act_ru_suspended_job`  (
  `ID_` varchar(64) CHARACTER SET utf8 COLLATE utf8_bin NOT NULL,
  `REV_` int(11) NULL DEFAULT NULL,
  `TYPE_` varchar(255) CHARACTER SET utf8 COLLATE utf8_bin NOT NULL,
  `EXCLUSIVE_` tinyint(1) NULL DEFAULT NULL,
  `EXECUTION_ID_` varchar(64) CHARACTER SET utf8 COLLATE utf8_bin NULL DEFAULT NULL,
  `PROCESS_INSTANCE_ID_` varchar(64) CHARACTER SET utf8 COLLATE utf8_bin NULL DEFAULT NULL,
  `PROC_DEF_ID_` varchar(64) CHARACTER SET utf8 COLLATE utf8_bin NULL DEFAULT NULL,
  `RETRIES_` int(11) NULL DEFAULT NULL,
  `EXCEPTION_STACK_ID_` varchar(64) CHARACTER SET utf8 COLLATE utf8_bin NULL DEFAULT NULL,
  `EXCEPTION_MSG_` varchar(4000) CHARACTER SET utf8 COLLATE utf8_bin NULL DEFAULT NULL,
  `DUEDATE_` timestamp(3) NULL DEFAULT NULL,
  `REPEAT_` varchar(255) CHARACTER SET utf8 COLLATE utf8_bin NULL DEFAULT NULL,
  `HANDLER_TYPE_` varchar(255) CHARACTER SET utf8 COLLATE utf8_bin NULL DEFAULT NULL,
  `HANDLER_CFG_` varchar(4000) CHARACTER SET utf8 COLLATE utf8_bin NULL DEFAULT NULL,
  `TENANT_ID_` varchar(255) CHARACTER SET utf8 COLLATE utf8_bin NULL DEFAULT '',
  PRIMARY KEY (`ID_`) USING BTREE,
  INDEX `ACT_FK_SUSPENDED_JOB_EXECUTION`(`EXECUTION_ID_` ASC) USING BTREE,
  INDEX `ACT_FK_SUSPENDED_JOB_PROCESS_INSTANCE`(`PROCESS_INSTANCE_ID_` ASC) USING BTREE,
  INDEX `ACT_FK_SUSPENDED_JOB_PROC_DEF`(`PROC_DEF_ID_` ASC) USING BTREE,
  INDEX `ACT_FK_SUSPENDED_JOB_EXCEPTION`(`EXCEPTION_STACK_ID_` ASC) USING BTREE,
  CONSTRAINT `ACT_FK_SUSPENDED_JOB_EXCEPTION` FOREIGN KEY (`EXCEPTION_STACK_ID_`) REFERENCES `act_ge_bytearray` (`id_`) ON DELETE RESTRICT ON UPDATE RESTRICT,
  CONSTRAINT `ACT_FK_SUSPENDED_JOB_EXECUTION` FOREIGN KEY (`EXECUTION_ID_`) REFERENCES `act_ru_execution` (`id_`) ON DELETE RESTRICT ON UPDATE RESTRICT,
  CONSTRAINT `ACT_FK_SUSPENDED_JOB_PROCESS_INSTANCE` FOREIGN KEY (`PROCESS_INSTANCE_ID_`) REFERENCES `act_ru_execution` (`id_`) ON DELETE RESTRICT ON UPDATE RESTRICT,
  CONSTRAINT `ACT_FK_SUSPENDED_JOB_PROC_DEF` FOREIGN KEY (`PROC_DEF_ID_`) REFERENCES `act_re_procdef` (`id_`) ON DELETE RESTRICT ON UPDATE RESTRICT
) ENGINE = InnoDB CHARACTER SET = utf8 COLLATE = utf8_bin ROW_FORMAT = Dynamic;

-- ----------------------------
-- Records of act_ru_suspended_job
-- ----------------------------

-- ----------------------------
-- Table structure for act_ru_task
-- ----------------------------
DROP TABLE IF EXISTS `act_ru_task`;
CREATE TABLE `act_ru_task`  (
  `ID_` varchar(64) CHARACTER SET utf8 COLLATE utf8_bin NOT NULL,
  `REV_` int(11) NULL DEFAULT NULL,
  `EXECUTION_ID_` varchar(64) CHARACTER SET utf8 COLLATE utf8_bin NULL DEFAULT NULL,
  `PROC_INST_ID_` varchar(64) CHARACTER SET utf8 COLLATE utf8_bin NULL DEFAULT NULL,
  `PROC_DEF_ID_` varchar(64) CHARACTER SET utf8 COLLATE utf8_bin NULL DEFAULT NULL,
  `NAME_` varchar(255) CHARACTER SET utf8 COLLATE utf8_bin NULL DEFAULT NULL,
  `PARENT_TASK_ID_` varchar(64) CHARACTER SET utf8 COLLATE utf8_bin NULL DEFAULT NULL,
  `DESCRIPTION_` varchar(4000) CHARACTER SET utf8 COLLATE utf8_bin NULL DEFAULT NULL,
  `TASK_DEF_KEY_` varchar(255) CHARACTER SET utf8 COLLATE utf8_bin NULL DEFAULT NULL,
  `OWNER_` varchar(255) CHARACTER SET utf8 COLLATE utf8_bin NULL DEFAULT NULL,
  `ASSIGNEE_` varchar(255) CHARACTER SET utf8 COLLATE utf8_bin NULL DEFAULT NULL,
  `DELEGATION_` varchar(64) CHARACTER SET utf8 COLLATE utf8_bin NULL DEFAULT NULL,
  `PRIORITY_` int(11) NULL DEFAULT NULL,
  `CREATE_TIME_` timestamp(3) NULL DEFAULT NULL,
  `DUE_DATE_` datetime(3) NULL DEFAULT NULL,
  `CATEGORY_` varchar(255) CHARACTER SET utf8 COLLATE utf8_bin NULL DEFAULT NULL,
  `SUSPENSION_STATE_` int(11) NULL DEFAULT NULL,
  `TENANT_ID_` varchar(255) CHARACTER SET utf8 COLLATE utf8_bin NULL DEFAULT '',
  `FORM_KEY_` varchar(255) CHARACTER SET utf8 COLLATE utf8_bin NULL DEFAULT NULL,
  `CLAIM_TIME_` datetime(3) NULL DEFAULT NULL,
  PRIMARY KEY (`ID_`) USING BTREE,
  INDEX `ACT_IDX_TASK_CREATE`(`CREATE_TIME_` ASC) USING BTREE,
  INDEX `ACT_FK_TASK_EXE`(`EXECUTION_ID_` ASC) USING BTREE,
  INDEX `ACT_FK_TASK_PROCINST`(`PROC_INST_ID_` ASC) USING BTREE,
  INDEX `ACT_FK_TASK_PROCDEF`(`PROC_DEF_ID_` ASC) USING BTREE,
  CONSTRAINT `ACT_FK_TASK_EXE` FOREIGN KEY (`EXECUTION_ID_`) REFERENCES `act_ru_execution` (`id_`) ON DELETE RESTRICT ON UPDATE RESTRICT,
  CONSTRAINT `ACT_FK_TASK_PROCDEF` FOREIGN KEY (`PROC_DEF_ID_`) REFERENCES `act_re_procdef` (`id_`) ON DELETE RESTRICT ON UPDATE RESTRICT,
  CONSTRAINT `ACT_FK_TASK_PROCINST` FOREIGN KEY (`PROC_INST_ID_`) REFERENCES `act_ru_execution` (`id_`) ON DELETE RESTRICT ON UPDATE RESTRICT
) ENGINE = InnoDB CHARACTER SET = utf8 COLLATE = utf8_bin ROW_FORMAT = Dynamic;

-- ----------------------------
-- Records of act_ru_task
-- ----------------------------
INSERT INTO `act_ru_task` VALUES ('04402331-847b-11ee-b34f-30c9aba6c580', 1, '043c2b8d-847b-11ee-b34f-30c9aba6c580', '043aa4e9-847b-11ee-b34f-30c9aba6c580', 'Process_1700121148917:1:95b1911f-8456-11ee-aa9b-30c9aba6c580', '小组1', NULL, NULL, 'Activity_0la13dx', NULL, NULL, NULL, 50, '2023-11-16 20:23:58.208', NULL, NULL, 1, '', NULL, NULL);
INSERT INTO `act_ru_task` VALUES ('0443096b-847b-11ee-b34f-30c9aba6c580', 1, '043d640f-847b-11ee-b34f-30c9aba6c580', '043aa4e9-847b-11ee-b34f-30c9aba6c580', 'Process_1700121148917:1:95b1911f-8456-11ee-aa9b-30c9aba6c580', '小组2', NULL, NULL, 'Activity_0fbusjo', NULL, NULL, NULL, 50, '2023-11-16 20:23:58.240', NULL, NULL, 1, '', NULL, NULL);

-- ----------------------------
-- Table structure for act_ru_timer_job
-- ----------------------------
DROP TABLE IF EXISTS `act_ru_timer_job`;
CREATE TABLE `act_ru_timer_job`  (
  `ID_` varchar(64) CHARACTER SET utf8 COLLATE utf8_bin NOT NULL,
  `REV_` int(11) NULL DEFAULT NULL,
  `TYPE_` varchar(255) CHARACTER SET utf8 COLLATE utf8_bin NOT NULL,
  `LOCK_EXP_TIME_` timestamp(3) NULL DEFAULT NULL,
  `LOCK_OWNER_` varchar(255) CHARACTER SET utf8 COLLATE utf8_bin NULL DEFAULT NULL,
  `EXCLUSIVE_` tinyint(1) NULL DEFAULT NULL,
  `EXECUTION_ID_` varchar(64) CHARACTER SET utf8 COLLATE utf8_bin NULL DEFAULT NULL,
  `PROCESS_INSTANCE_ID_` varchar(64) CHARACTER SET utf8 COLLATE utf8_bin NULL DEFAULT NULL,
  `PROC_DEF_ID_` varchar(64) CHARACTER SET utf8 COLLATE utf8_bin NULL DEFAULT NULL,
  `RETRIES_` int(11) NULL DEFAULT NULL,
  `EXCEPTION_STACK_ID_` varchar(64) CHARACTER SET utf8 COLLATE utf8_bin NULL DEFAULT NULL,
  `EXCEPTION_MSG_` varchar(4000) CHARACTER SET utf8 COLLATE utf8_bin NULL DEFAULT NULL,
  `DUEDATE_` timestamp(3) NULL DEFAULT NULL,
  `REPEAT_` varchar(255) CHARACTER SET utf8 COLLATE utf8_bin NULL DEFAULT NULL,
  `HANDLER_TYPE_` varchar(255) CHARACTER SET utf8 COLLATE utf8_bin NULL DEFAULT NULL,
  `HANDLER_CFG_` varchar(4000) CHARACTER SET utf8 COLLATE utf8_bin NULL DEFAULT NULL,
  `TENANT_ID_` varchar(255) CHARACTER SET utf8 COLLATE utf8_bin NULL DEFAULT '',
  PRIMARY KEY (`ID_`) USING BTREE,
  INDEX `ACT_FK_TIMER_JOB_EXECUTION`(`EXECUTION_ID_` ASC) USING BTREE,
  INDEX `ACT_FK_TIMER_JOB_PROCESS_INSTANCE`(`PROCESS_INSTANCE_ID_` ASC) USING BTREE,
  INDEX `ACT_FK_TIMER_JOB_PROC_DEF`(`PROC_DEF_ID_` ASC) USING BTREE,
  INDEX `ACT_FK_TIMER_JOB_EXCEPTION`(`EXCEPTION_STACK_ID_` ASC) USING BTREE,
  CONSTRAINT `ACT_FK_TIMER_JOB_EXCEPTION` FOREIGN KEY (`EXCEPTION_STACK_ID_`) REFERENCES `act_ge_bytearray` (`id_`) ON DELETE RESTRICT ON UPDATE RESTRICT,
  CONSTRAINT `ACT_FK_TIMER_JOB_EXECUTION` FOREIGN KEY (`EXECUTION_ID_`) REFERENCES `act_ru_execution` (`id_`) ON DELETE RESTRICT ON UPDATE RESTRICT,
  CONSTRAINT `ACT_FK_TIMER_JOB_PROCESS_INSTANCE` FOREIGN KEY (`PROCESS_INSTANCE_ID_`) REFERENCES `act_ru_execution` (`id_`) ON DELETE RESTRICT ON UPDATE RESTRICT,
  CONSTRAINT `ACT_FK_TIMER_JOB_PROC_DEF` FOREIGN KEY (`PROC_DEF_ID_`) REFERENCES `act_re_procdef` (`id_`) ON DELETE RESTRICT ON UPDATE RESTRICT
) ENGINE = InnoDB CHARACTER SET = utf8 COLLATE = utf8_bin ROW_FORMAT = Dynamic;

-- ----------------------------
-- Records of act_ru_timer_job
-- ----------------------------

-- ----------------------------
-- Table structure for act_ru_variable
-- ----------------------------
DROP TABLE IF EXISTS `act_ru_variable`;
CREATE TABLE `act_ru_variable`  (
  `ID_` varchar(64) CHARACTER SET utf8 COLLATE utf8_bin NOT NULL,
  `REV_` int(11) NULL DEFAULT NULL,
  `TYPE_` varchar(255) CHARACTER SET utf8 COLLATE utf8_bin NOT NULL,
  `NAME_` varchar(255) CHARACTER SET utf8 COLLATE utf8_bin NOT NULL,
  `EXECUTION_ID_` varchar(64) CHARACTER SET utf8 COLLATE utf8_bin NULL DEFAULT NULL,
  `PROC_INST_ID_` varchar(64) CHARACTER SET utf8 COLLATE utf8_bin NULL DEFAULT NULL,
  `TASK_ID_` varchar(64) CHARACTER SET utf8 COLLATE utf8_bin NULL DEFAULT NULL,
  `BYTEARRAY_ID_` varchar(64) CHARACTER SET utf8 COLLATE utf8_bin NULL DEFAULT NULL,
  `DOUBLE_` double NULL DEFAULT NULL,
  `LONG_` bigint(20) NULL DEFAULT NULL,
  `TEXT_` varchar(4000) CHARACTER SET utf8 COLLATE utf8_bin NULL DEFAULT NULL,
  `TEXT2_` varchar(4000) CHARACTER SET utf8 COLLATE utf8_bin NULL DEFAULT NULL,
  PRIMARY KEY (`ID_`) USING BTREE,
  INDEX `ACT_IDX_VARIABLE_TASK_ID`(`TASK_ID_` ASC) USING BTREE,
  INDEX `ACT_FK_VAR_EXE`(`EXECUTION_ID_` ASC) USING BTREE,
  INDEX `ACT_FK_VAR_PROCINST`(`PROC_INST_ID_` ASC) USING BTREE,
  INDEX `ACT_FK_VAR_BYTEARRAY`(`BYTEARRAY_ID_` ASC) USING BTREE,
  CONSTRAINT `ACT_FK_VAR_BYTEARRAY` FOREIGN KEY (`BYTEARRAY_ID_`) REFERENCES `act_ge_bytearray` (`id_`) ON DELETE RESTRICT ON UPDATE RESTRICT,
  CONSTRAINT `ACT_FK_VAR_EXE` FOREIGN KEY (`EXECUTION_ID_`) REFERENCES `act_ru_execution` (`id_`) ON DELETE RESTRICT ON UPDATE RESTRICT,
  CONSTRAINT `ACT_FK_VAR_PROCINST` FOREIGN KEY (`PROC_INST_ID_`) REFERENCES `act_ru_execution` (`id_`) ON DELETE RESTRICT ON UPDATE RESTRICT
) ENGINE = InnoDB CHARACTER SET = utf8 COLLATE = utf8_bin ROW_FORMAT = Dynamic;

-- ----------------------------
-- Records of act_ru_variable
-- ----------------------------
INSERT INTO `act_ru_variable` VALUES ('043bdd6b-847b-11ee-b34f-30c9aba6c580', 1, 'string', 'initiator', '043aa4e9-847b-11ee-b34f-30c9aba6c580', '043aa4e9-847b-11ee-b34f-30c9aba6c580', NULL, NULL, NULL, NULL, '1', NULL);
INSERT INTO `act_ru_variable` VALUES ('044182c2-847b-11ee-b34f-30c9aba6c580', 1, 'string', 'initiator', '043c2b8d-847b-11ee-b34f-30c9aba6c580', '043aa4e9-847b-11ee-b34f-30c9aba6c580', '04402331-847b-11ee-b34f-30c9aba6c580', NULL, NULL, NULL, '1', NULL);
INSERT INTO `act_ru_variable` VALUES ('0443307c-847b-11ee-b34f-30c9aba6c580', 1, 'string', 'initiator', '043d640f-847b-11ee-b34f-30c9aba6c580', '043aa4e9-847b-11ee-b34f-30c9aba6c580', '0443096b-847b-11ee-b34f-30c9aba6c580', NULL, NULL, NULL, '1', NULL);

-- ----------------------------
-- Table structure for sys_dept
-- ----------------------------
DROP TABLE IF EXISTS `sys_dept`;
CREATE TABLE `sys_dept`  (
  `dept_id` varchar(40) CHARACTER SET utf8 COLLATE utf8_general_ci NOT NULL COMMENT '部门id',
  `dept_name` varchar(30) CHARACTER SET utf8 COLLATE utf8_general_ci NULL DEFAULT '' COMMENT '部门名称',
  `leader` varchar(20) CHARACTER SET utf8 COLLATE utf8_general_ci NULL DEFAULT NULL COMMENT '负责人',
  `phone` varchar(11) CHARACTER SET utf8 COLLATE utf8_general_ci NULL DEFAULT NULL COMMENT '联系电话',
  `email` varchar(50) CHARACTER SET utf8 COLLATE utf8_general_ci NULL DEFAULT NULL COMMENT '邮箱',
  `is_sys` tinyint(4) NULL DEFAULT 0 COMMENT '是否是系统内置,1:是,0:否',
  `create_time` datetime NULL DEFAULT NULL COMMENT '创建时间',
  `update_time` datetime NULL DEFAULT NULL COMMENT '更新时间',
  PRIMARY KEY (`dept_id`) USING BTREE
) ENGINE = InnoDB CHARACTER SET = utf8 COLLATE = utf8_general_ci COMMENT = '部门表' ROW_FORMAT = Dynamic;

-- ----------------------------
-- Records of sys_dept
-- ----------------------------
INSERT INTO `sys_dept` VALUES ('0f45e0320d93832c90dd3ed323129dd6', '研发部', 'liu', '18888888888', '1396198931@qq.com', 1, '2023-10-22 12:18:00', '2023-10-27 17:56:12');
INSERT INTO `sys_dept` VALUES ('db3760209b816f6d350278dd2f3b1351', '销售部', 'liu', '1888888888', '1396198931@qq.com', 1, '2023-10-22 12:39:42', '2023-10-22 12:39:42');
INSERT INTO `sys_dept` VALUES ('db3760209b816f6d350278dd2f3b1353', '测试部', 'liu', '1888888888', '1396198931@qq.com', 1, '2023-10-22 12:39:42', '2023-10-22 12:39:42');

-- ----------------------------
-- Table structure for sys_form
-- ----------------------------
DROP TABLE IF EXISTS `sys_form`;
CREATE TABLE `sys_form`  (
  `form_id` varchar(40) CHARACTER SET utf8mb4 COLLATE utf8mb4_bin NOT NULL COMMENT '表单id',
  `form_name` varchar(50) CHARACTER SET utf8mb4 COLLATE utf8mb4_bin NOT NULL COMMENT '表单名称',
  `form_data` longtext CHARACTER SET utf8mb4 COLLATE utf8mb4_bin NOT NULL COMMENT '表单数据',
  `is_sys` tinyint(4) NULL DEFAULT 0 COMMENT '是否是系统内置,1:是,0:否',
  `create_time` datetime NULL DEFAULT NULL COMMENT '创建时间',
  `update_time` datetime NULL DEFAULT NULL COMMENT '修改时间',
  PRIMARY KEY (`form_id`) USING BTREE
) ENGINE = InnoDB CHARACTER SET = utf8mb4 COLLATE = utf8mb4_bin COMMENT = 'activiti相关->流程表单' ROW_FORMAT = Dynamic;

-- ----------------------------
-- Records of sys_form
-- ----------------------------
INSERT INTO `sys_form` VALUES ('edf38c74a1705027fae46c842b1686b9', '测试1', '{\"widgetList\":[{\"key\":39587,\"type\":\"textarea\",\"icon\":\"textarea-field\",\"formItemFlag\":true,\"options\":{\"name\":\"textarea37414\",\"label\":\"textarea\",\"labelAlign\":\"\",\"rows\":3,\"defaultValue\":\"\",\"placeholder\":\"\",\"columnWidth\":\"200px\",\"size\":\"\",\"labelWidth\":null,\"labelHidden\":false,\"readonly\":false,\"disabled\":false,\"hidden\":false,\"required\":false,\"requiredHint\":\"\",\"validation\":\"\",\"validationHint\":\"\",\"customClass\":[],\"labelIconClass\":null,\"labelIconPosition\":\"rear\",\"labelTooltip\":null,\"minLength\":null,\"maxLength\":null,\"showWordLimit\":false,\"onCreated\":\"\",\"onMounted\":\"\",\"onInput\":\"\",\"onChange\":\"\",\"onFocus\":\"\",\"onBlur\":\"\",\"onValidate\":\"\"},\"id\":\"textarea37414\"},{\"key\":39030,\"type\":\"radio\",\"icon\":\"radio-field\",\"formItemFlag\":true,\"options\":{\"name\":\"radio88113\",\"label\":\"radio\",\"labelAlign\":\"\",\"defaultValue\":null,\"columnWidth\":\"200px\",\"size\":\"\",\"displayStyle\":\"inline\",\"buttonStyle\":false,\"border\":false,\"labelWidth\":null,\"labelHidden\":false,\"disabled\":false,\"hidden\":false,\"optionItems\":[{\"label\":\"radio 1\",\"value\":1},{\"label\":\"radio 2\",\"value\":2},{\"label\":\"radio 3\",\"value\":3}],\"required\":true,\"requiredHint\":\"请输入\",\"validation\":\"\",\"validationHint\":\"\",\"customClass\":[],\"labelIconClass\":null,\"labelIconPosition\":\"rear\",\"labelTooltip\":null,\"onCreated\":\"\",\"onMounted\":\"\",\"onChange\":\"\",\"onValidate\":\"\"},\"id\":\"radio88113\"}],\"formConfig\":{\"modelName\":\"formData\",\"refName\":\"vForm\",\"rulesName\":\"rules\",\"labelWidth\":80,\"labelPosition\":\"top\",\"size\":\"\",\"labelAlign\":\"label-left-align\",\"cssCode\":\"\",\"customClass\":[],\"functions\":\"\",\"layoutType\":\"PC\",\"jsonVersion\":3,\"onFormCreated\":\"\",\"onFormMounted\":\"\",\"onFormDataChange\":\"\"}}', 1, '2023-10-27 16:58:00', '2023-10-28 09:45:46');

-- ----------------------------
-- Table structure for sys_user
-- ----------------------------
DROP TABLE IF EXISTS `sys_user`;
CREATE TABLE `sys_user`  (
  `user_id` varchar(40) CHARACTER SET utf8mb4 COLLATE utf8mb4_bin NOT NULL COMMENT '用户id',
  `dept_id` varchar(40) CHARACTER SET utf8mb4 COLLATE utf8mb4_bin NULL DEFAULT NULL COMMENT '部门id',
  `account` varchar(64) CHARACTER SET utf8mb4 COLLATE utf8mb4_bin NOT NULL COMMENT '用户姓名',
  `password` varchar(64) CHARACTER SET utf8mb4 COLLATE utf8mb4_bin NOT NULL COMMENT '密码',
  `username` varchar(64) CHARACTER SET utf8mb4 COLLATE utf8mb4_bin NOT NULL COMMENT '登录用户名',
  `email` varchar(64) CHARACTER SET utf8mb4 COLLATE utf8mb4_bin NULL DEFAULT NULL COMMENT '邮箱',
  `mobile` varchar(64) CHARACTER SET utf8mb4 COLLATE utf8mb4_bin NULL DEFAULT NULL COMMENT '手机',
  `is_sys` tinyint(4) NULL DEFAULT 0 COMMENT '是否是系统内置,1:是,0:否',
  `create_time` datetime NULL DEFAULT NULL COMMENT '创建时间',
  `update_time` datetime NULL DEFAULT NULL COMMENT '修改时间',
  PRIMARY KEY (`user_id`) USING BTREE,
  INDEX `idx_username`(`username` ASC) USING BTREE
) ENGINE = InnoDB CHARACTER SET = utf8mb4 COLLATE = utf8mb4_bin COMMENT = '用户表' ROW_FORMAT = Dynamic;

-- ----------------------------
-- Records of sys_user
-- ----------------------------
INSERT INTO `sys_user` VALUES ('1', '0f45e0320d93832c90dd3ed323129dd6', '管理员', '123', 'admin', '1396198931@qq.com', '18888888888', 1, '2023-10-11 14:26:47', '2023-10-11 14:26:47');
INSERT INTO `sys_user` VALUES ('2', 'db3760209b816f6d350278dd2f3b1351', '测试账号1', '123', 'test', '1396198931@qq.com', '18888888888', 1, '2023-10-22 12:39:50', '2023-10-22 12:39:50');
INSERT INTO `sys_user` VALUES ('3', 'db3760209b816f6d350278dd2f3b1351', '测试账号2', '123', 'test2', '1396198931@qq.com', '18888888888', 1, '2023-10-22 12:39:51', '2023-10-22 12:39:51');
INSERT INTO `sys_user` VALUES ('4', 'db3760209b816f6d350278dd2f3b1351', '测试账号3', '123', 'test3', '1396198931@qq.com', '18888888888', 1, '2023-10-22 12:39:52', '2023-10-22 12:39:52');
INSERT INTO `sys_user` VALUES ('5', 'db3760209b816f6d350278dd2f3b1351', '测试账号4', '123', 'test5', '1396198931@qq.com', '18888888888', 1, '2023-10-22 12:39:53', '2023-10-22 12:39:53');
INSERT INTO `sys_user` VALUES ('6', 'db3760209b816f6d350278dd2f3b1351', '测试账号5', '123', 'test6', '1396198931@qq.com', '18888888888', 1, '2023-10-22 12:39:54', '2023-10-22 12:39:54');
INSERT INTO `sys_user` VALUES ('7', 'db3760209b816f6d350278dd2f3b1351', '测试账号6', '123', 'test7', '1396198931@qq.com', '18888888888', 1, '2023-10-22 12:39:55', '2023-10-22 12:39:55');
INSERT INTO `sys_user` VALUES ('8', 'db3760209b816f6d350278dd2f3b1351', '测试账号7', '123', 'test8', '1396198931@qq.com', '18888888888', 1, '2023-10-22 12:39:56', '2023-10-22 12:39:56');
INSERT INTO `sys_user` VALUES ('9', 'db3760209b816f6d350278dd2f3b1351', '测试账号8', '123', 'test9', '1396198931@qq.com', '18888888888', 1, '2023-10-22 12:39:57', '2023-10-22 12:39:57');

SET FOREIGN_KEY_CHECKS = 1;
